-- MySQL dump 10.13  Distrib 5.5.53, for debian-linux-gnu (x86_64)
--
-- Host: localhost    Database: OSS
-- ------------------------------------------------------
-- Server version	5.5.53-0+deb8u1

/*!40101 SET @OLD_CHARACTER_SET_CLIENT=@@CHARACTER_SET_CLIENT */;
/*!40101 SET @OLD_CHARACTER_SET_RESULTS=@@CHARACTER_SET_RESULTS */;
/*!40101 SET @OLD_COLLATION_CONNECTION=@@COLLATION_CONNECTION */;
/*!40101 SET NAMES utf8 */;
/*!40103 SET @OLD_TIME_ZONE=@@TIME_ZONE */;
/*!40103 SET TIME_ZONE='+00:00' */;
/*!40014 SET @OLD_UNIQUE_CHECKS=@@UNIQUE_CHECKS, UNIQUE_CHECKS=0 */;
/*!40014 SET @OLD_FOREIGN_KEY_CHECKS=@@FOREIGN_KEY_CHECKS, FOREIGN_KEY_CHECKS=0 */;
/*!40101 SET @OLD_SQL_MODE=@@SQL_MODE, SQL_MODE='NO_AUTO_VALUE_ON_ZERO' */;
/*!40111 SET @OLD_SQL_NOTES=@@SQL_NOTES, SQL_NOTES=0 */;

use oss;

--
-- Table structure for table `user`
--

DROP TABLE IF EXISTS `user`;
/*!40101 SET @saved_cs_client     = @@character_set_client */;
/*!40101 SET character_set_client = utf8 */;
CREATE TABLE `user` (
  `user_id` int(11) NOT NULL AUTO_INCREMENT,
  `username` varchar(25) COLLATE utf8mb4_unicode_ci NOT NULL,
  `password` varchar(120) COLLATE utf8mb4_unicode_ci NOT NULL,
  `nickname` varchar(20) COLLATE utf8mb4_unicode_ci DEFAULT NULL,
  `phone` char(11) COLLATE utf8mb4_unicode_ci NOT NULL,
  `avatar` varchar(50) COLLATE utf8mb4_unicode_ci DEFAULT '/images/avatars/default.jpg',
  `sex` varchar(8) COLLATE utf8mb4_unicode_ci DEFAULT NULL,
  `birthday` date DEFAULT NULL,
  `is_valid` tinyint(1) NOT NULL DEFAULT '1',
  PRIMARY KEY (`user_id`),
  UNIQUE KEY `username` (`username`),
  UNIQUE KEY `phone` (`phone`),
  KEY `username_2` (`username`)
) ENGINE=InnoDB AUTO_INCREMENT=51 DEFAULT CHARSET=utf8mb4 COLLATE=utf8mb4_unicode_ci;
/*!40101 SET character_set_client = @saved_cs_client */;

--
-- Dumping data for table `user`
--

LOCK TABLES `user` WRITE;
/*!40000 ALTER TABLE `user` DISABLE KEYS */;
INSERT INTO `user` VALUES (1,'user_1','password_1','nickname_1','11804289383','/images/avatars/default.jpg',NULL,NULL,1),(2,'user_2','password_2','nickname_2','1846930886','/images/avatars/default.jpg',NULL,NULL,1),(3,'user_3','password_3','nickname_3','11681692777','/images/avatars/default.jpg',NULL,NULL,1),(4,'user_4','password_4','nickname_4','11714636915','/images/avatars/default.jpg',NULL,NULL,1),(5,'user_5','password_5','nickname_5','11957747793','/images/avatars/default.jpg',NULL,NULL,1),(6,'user_6','password_6','nickname_6','1424238335','/images/avatars/default.jpg',NULL,NULL,1),(7,'user_7','password_7','nickname_7','1719885386','/images/avatars/default.jpg',NULL,NULL,1),(8,'user_8','password_8','nickname_8','11649760492','/images/avatars/default.jpg',NULL,NULL,1),(9,'user_9','password_9','nickname_9','1596516649','/images/avatars/default.jpg',NULL,NULL,1),(10,'user_10','password_10','nickname_10','11189641421','/images/avatars/default.jpg',NULL,NULL,1),(11,'user_11','password_11','nickname_11','11025202362','/images/avatars/default.jpg',NULL,NULL,1),(12,'user_12','password_12','nickname_12','11350490027','/images/avatars/default.jpg',NULL,NULL,1),(13,'user_13','password_13','nickname_13','1783368690','/images/avatars/default.jpg',NULL,NULL,1),(14,'user_14','password_14','nickname_14','11102520059','/images/avatars/default.jpg',NULL,NULL,1),(15,'user_15','password_15','nickname_15','12044897763','/images/avatars/default.jpg',NULL,NULL,1),(16,'user_16','password_16','nickname_16','11967513926','/images/avatars/default.jpg',NULL,NULL,1),(17,'user_17','password_17','nickname_17','11365180540','/images/avatars/default.jpg',NULL,NULL,1),(18,'user_18','password_18','nickname_18','11540383426','/images/avatars/default.jpg',NULL,NULL,1),(19,'user_19','password_19','nickname_19','1304089172','/images/avatars/default.jpg',NULL,NULL,1),(20,'user_20','password_20','nickname_20','11303455736','/images/avatars/default.jpg',NULL,NULL,1),(21,'user_21','password_21','nickname_21','135005211','/images/avatars/default.jpg',NULL,NULL,1),(22,'user_22','password_22','nickname_22','1521595368','/images/avatars/default.jpg',NULL,NULL,1),(23,'user_23','password_23','nickname_23','1294702567','/images/avatars/default.jpg',NULL,NULL,1),(24,'user_24','password_24','nickname_24','11726956429','/images/avatars/default.jpg',NULL,NULL,1),(25,'user_25','password_25','nickname_25','1336465782','/images/avatars/default.jpg',NULL,NULL,1),(26,'user_26','password_26','nickname_26','1861021530','/images/avatars/default.jpg',NULL,NULL,1),(27,'user_27','password_27','nickname_27','1278722862','/images/avatars/default.jpg',NULL,NULL,1),(28,'user_28','password_28','nickname_28','1233665123','/images/avatars/default.jpg',NULL,NULL,1),(29,'user_29','password_29','nickname_29','12145174067','/images/avatars/default.jpg',NULL,NULL,1),(30,'user_30','password_30','nickname_30','1468703135','/images/avatars/default.jpg',NULL,NULL,1),(31,'user_31','password_31','nickname_31','11101513929','/images/avatars/default.jpg',NULL,NULL,1),(32,'user_32','password_32','nickname_32','11801979802','/images/avatars/default.jpg',NULL,NULL,1),(33,'user_33','password_33','nickname_33','11315634022','/images/avatars/default.jpg',NULL,NULL,1),(34,'user_34','password_34','nickname_34','1635723058','/images/avatars/default.jpg',NULL,NULL,1),(35,'user_35','password_35','nickname_35','11369133069','/images/avatars/default.jpg',NULL,NULL,1),(36,'user_36','password_36','nickname_36','11125898167','/images/avatars/default.jpg',NULL,NULL,1),(37,'user_37','password_37','nickname_37','11059961393','/images/avatars/default.jpg',NULL,NULL,1),(38,'user_38','password_38','nickname_38','12089018456','/images/avatars/default.jpg',NULL,NULL,1),(39,'user_39','password_39','nickname_39','1628175011','/images/avatars/default.jpg',NULL,NULL,1),(40,'user_40','password_40','nickname_40','11656478042','/images/avatars/default.jpg',NULL,NULL,1),(41,'user_41','password_41','nickname_41','11131176229','/images/avatars/default.jpg',NULL,NULL,1),(42,'user_42','password_42','nickname_42','11653377373','/images/avatars/default.jpg',NULL,NULL,1),(43,'user_43','password_43','nickname_43','1859484421','/images/avatars/default.jpg',NULL,NULL,1),(44,'user_44','password_44','nickname_44','11914544919','/images/avatars/default.jpg',NULL,NULL,1),(45,'user_45','password_45','nickname_45','1608413784','/images/avatars/default.jpg',NULL,NULL,1),(46,'user_46','password_46','nickname_46','1756898537','/images/avatars/default.jpg',NULL,NULL,1),(47,'user_47','password_47','nickname_47','11734575198','/images/avatars/default.jpg',NULL,NULL,1),(48,'user_48','password_48','nickname_48','11973594324','/images/avatars/default.jpg',NULL,NULL,1),(49,'user_49','password_49','nickname_49','1149798315','/images/avatars/default.jpg',NULL,NULL,1),(50,'user_50','password_50','nickname_50','12038664370','/images/avatars/default.jpg',NULL,NULL,1);
/*!40000 ALTER TABLE `user` ENABLE KEYS */;
UNLOCK TABLES;



--
-- Table structure for table `receiver`
--

DROP TABLE IF EXISTS `receiver`;
/*!40101 SET @saved_cs_client     = @@character_set_client */;
/*!40101 SET character_set_client = utf8 */;
CREATE TABLE `receiver` (
  `receiver_id` int(11) NOT NULL AUTO_INCREMENT,
  `user_id` int(11) NOT NULL,
  `name` varchar(30) COLLATE utf8mb4_unicode_ci NOT NULL,
  `address` varchar(150) COLLATE utf8mb4_unicode_ci NOT NULL,
  `phone` char(11) COLLATE utf8mb4_unicode_ci NOT NULL,
  `used_times` int(11) NOT NULL DEFAULT '0',
  `is_valid` tinyint(1) NOT NULL DEFAULT '1',
  PRIMARY KEY (`receiver_id`),
  KEY `user_id` (`user_id`),
  CONSTRAINT `FK_manage_receiver` FOREIGN KEY (`user_id`) REFERENCES `user` (`user_id`)
) ENGINE=InnoDB AUTO_INCREMENT=101 DEFAULT CHARSET=utf8mb4 COLLATE=utf8mb4_unicode_ci;
/*!40101 SET character_set_client = @saved_cs_client */;

--
-- Dumping data for table `receiver`
--

LOCK TABLES `receiver` WRITE;
/*!40000 ALTER TABLE `receiver` DISABLE KEYS */;
INSERT INTO `receiver` VALUES (1,43,'receiver_1','address_1','1184803526',13,1),(2,25,'receiver_2','address_2','11911759956',0,1),(3,48,'receiver_3','address_3','142999170',2,1),(4,27,'receiver_4','address_4','1511702305',1,1),(5,38,'receiver_5','address_5','11827336327',4,1),(6,31,'receiver_6','address_6','1805750846',5,1),(7,26,'receiver_7','address_7','11433925857',13,1),(8,47,'receiver_8','address_8','1939819582',15,1),(9,36,'receiver_9','address_9','11548233367',14,1),(10,2,'receiver_10','address_10','11374344043',4,1),(11,28,'receiver_11','address_11','1356426808',7,1),(12,36,'receiver_12','address_12','11780695788',18,1),(13,6,'receiver_13','address_13','11918502651',3,1),(14,12,'receiver_14','address_14','12053999932',19,1),(15,41,'receiver_15','address_15','11843993368',16,1),(16,38,'receiver_16','address_16','1855636226',12,1),(17,47,'receiver_17','address_17','11956297539',14,1),(18,30,'receiver_18','address_18','12040651434',10,1),(19,49,'receiver_19','address_19','11892066601',7,1),(20,44,'receiver_20','address_20','11330573317',2,1),(21,3,'receiver_21','address_21','1660260756',12,1),(22,43,'receiver_22','address_22','1402724286',0,1),(23,46,'receiver_23','address_23','1894429689',5,1),(24,31,'receiver_24','address_24','1221558440',19,1),(25,49,'receiver_25','address_25','11633108117',11,1),(26,27,'receiver_26','address_26','11469834481',11,1),(27,19,'receiver_27','address_27','1791698927',9,1),(28,5,'receiver_28','address_28','11255179497',16,1),(29,8,'receiver_29','address_29','11572276965',6,1),(30,26,'receiver_30','address_30','1352406219',3,1),(31,34,'receiver_31','address_31','12040332871',8,1),(32,21,'receiver_32','address_32','1378409503',9,1),(33,10,'receiver_33','address_33','11573363368',10,1),(34,0,'receiver_34','address_34','11373226340',15,1),(35,20,'receiver_35','address_35','1289700723',16,1),(36,3,'receiver_36','address_36','1150122846',5,1),(37,31,'receiver_37','address_37','11760243555',1,1),(38,30,'receiver_38','address_38','1111537764',8,1),(39,45,'receiver_39','address_39','1438792350',1,1),(40,16,'receiver_40','address_40','12142757034',0,1),(41,39,'receiver_41','address_41','1155324914',4,1),(42,43,'receiver_42','address_42','11275373743',16,1),(43,11,'receiver_43','address_43','1841148365',7,1),(44,3,'receiver_44','address_44','1771151432',16,1),(45,27,'receiver_45','address_45','1971899228',17,1),(46,23,'receiver_46','address_46','11139901474',7,1),(47,31,'receiver_47','address_47','12130794395',18,1),(48,45,'receiver_48','address_48','11605908235',17,1),(49,45,'receiver_49','address_49','11605894428',18,1),(50,31,'receiver_50','address_50','11875335928',11,1),(51,45,'receiver_51','address_51','11597322404',16,1),(52,40,'receiver_52','address_52','11432114613',3,1),(53,6,'receiver_53','address_53','11782436840',6,1),(54,40,'receiver_54','address_54','11395235128',18,1),(55,19,'receiver_55','address_55','1492067917',9,1),(56,45,'receiver_56','address_56','1706043324',16,1),(57,42,'receiver_57','address_57','11359512183',10,1),(58,27,'receiver_58','address_58','11096689772',19,1),(59,7,'receiver_59','address_59','11172755590',4,1),(60,38,'receiver_60','address_60','11012502954',19,1),(61,44,'receiver_61','address_61','1968338082',9,1),(62,9,'receiver_62','address_62','1933110197',4,1),(63,50,'receiver_63','address_63','11285228804',15,1),(64,30,'receiver_64','address_64','11450573622',11,1),(65,48,'receiver_65','address_65','1654887343',19,1),(66,24,'receiver_66','address_66','11335354340',8,1),(67,7,'receiver_67','address_67','11494613810',11,1),(68,32,'receiver_68','address_68','1745425661',1,1),(69,22,'receiver_69','address_69','11346811305',18,1),(70,28,'receiver_70','address_70','11590079444',16,1),(71,10,'receiver_71','address_71','11470503465',2,1),(72,10,'receiver_72','address_72','11143408282',16,1),(73,14,'receiver_73','address_73','11884167637',4,1),(74,38,'receiver_74','address_74','1238962600',4,1),(75,31,'receiver_75','address_75','11273911899',12,1),(76,23,'receiver_76','address_76','11665947468',10,1),(77,33,'receiver_77','address_77','1407487131',13,1),(78,46,'receiver_78','address_78','11776808933',10,1),(79,0,'receiver_79','address_79','1937370163',0,1),(80,48,'receiver_80','address_80','11642548899',1,1),(81,15,'receiver_81','address_81','11472713773',19,1),(82,47,'receiver_82','address_82','12025187190',8,1),(83,36,'receiver_83','address_83','1437116466',6,1),(84,36,'receiver_84','address_84','1638422090',0,1),(85,38,'receiver_85','address_85','11876855542',16,1),(86,8,'receiver_86','address_86','1349517445',7,1),(87,39,'receiver_87','address_87','11057418418',19,1),(88,24,'receiver_88','address_88','11065103348',12,1),(89,38,'receiver_89','address_89','11469262009',19,1),(90,39,'receiver_90','address_90','11295166342',10,1),(91,15,'receiver_91','address_91','11555319301',6,1),(92,7,'receiver_92','address_92','11070575321',12,1),(93,23,'receiver_93','address_93','1774044599',19,1),(94,13,'receiver_94','address_94','11950955939',4,1),(95,7,'receiver_95','address_95','11756915667',0,1),(96,2,'receiver_96','address_96','1846811127',8,1),(97,22,'receiver_97','address_97','1555996658',4,1),(98,21,'receiver_98','address_98','1231602422',4,1),(99,32,'receiver_99','address_99','1619054081',16,1),(100,24,'receiver_100','address_100','1917679292',4,1);
/*!40000 ALTER TABLE `receiver` ENABLE KEYS */;
UNLOCK TABLES;



--
-- Table structure for table `admin`
--

DROP TABLE IF EXISTS `admin`;
/*!40101 SET @saved_cs_client     = @@character_set_client */;
/*!40101 SET character_set_client = utf8 */;
CREATE TABLE `admin` (
  `admin_id` int(11) NOT NULL,
  `password` varchar(120) COLLATE utf8mb4_unicode_ci NOT NULL,
  `admin_name` varchar(20) COLLATE utf8mb4_unicode_ci DEFAULT NULL,
  PRIMARY KEY (`admin_id`)
) ENGINE=InnoDB DEFAULT CHARSET=utf8mb4 COLLATE=utf8mb4_unicode_ci;
/*!40101 SET character_set_client = @saved_cs_client */;

--
-- Dumping data for table `admin`
--

LOCK TABLES `admin` WRITE;
/*!40000 ALTER TABLE `admin` DISABLE KEYS */;
INSERT INTO `admin` VALUES (1,'password_1','admin_1'),(2,'password_2','admin_2'),(3,'password_3','admin_3'),(4,'password_4','admin_4'),(5,'password_5','admin_5'),(6,'password_6','admin_6'),(7,'password_7','admin_7'),(8,'password_8','admin_8'),(9,'password_9','admin_9'),(10,'password_10','admin_10'),(11,'password_11','admin_11'),(12,'password_12','admin_12'),(13,'password_13','admin_13'),(14,'password_14','admin_14'),(15,'password_15','admin_15'),(16,'password_16','admin_16'),(17,'password_17','admin_17'),(18,'password_18','admin_18'),(19,'password_19','admin_19'),(20,'password_20','admin_20'),(21,'password_21','admin_21'),(22,'password_22','admin_22'),(23,'password_23','admin_23'),(24,'password_24','admin_24'),(25,'password_25','admin_25'),(26,'password_26','admin_26'),(27,'password_27','admin_27'),(28,'password_28','admin_28'),(29,'password_29','admin_29'),(30,'password_30','admin_30'),(31,'password_31','admin_31'),(32,'password_32','admin_32'),(33,'password_33','admin_33'),(34,'password_34','admin_34'),(35,'password_35','admin_35'),(36,'password_36','admin_36'),(37,'password_37','admin_37'),(38,'password_38','admin_38'),(39,'password_39','admin_39'),(40,'password_40','admin_40'),(41,'password_41','admin_41'),(42,'password_42','admin_42'),(43,'password_43','admin_43'),(44,'password_44','admin_44'),(45,'password_45','admin_45'),(46,'password_46','admin_46'),(47,'password_47','admin_47'),(48,'password_48','admin_48'),(49,'password_49','admin_49'),(50,'password_50','admin_50');
/*!40000 ALTER TABLE `admin` ENABLE KEYS */;
UNLOCK TABLES;

--
-- Table structure for table `category`
--

DROP TABLE IF EXISTS `category`;
/*!40101 SET @saved_cs_client     = @@character_set_client */;
/*!40101 SET character_set_client = utf8 */;
CREATE TABLE `category` (
  `category_id` int(11) NOT NULL AUTO_INCREMENT,
  `level_one` varchar(30) COLLATE utf8mb4_unicode_ci NOT NULL,
  `level_two` varchar(30) COLLATE utf8mb4_unicode_ci NOT NULL,
  `is_valid` tinyint(1) NOT NULL DEFAULT '1',
  PRIMARY KEY (`category_id`)
) ENGINE=InnoDB AUTO_INCREMENT=26 DEFAULT CHARSET=utf8mb4 COLLATE=utf8mb4_unicode_ci;
/*!40101 SET character_set_client = @saved_cs_client */;

--
-- Dumping data for table `category`
--

LOCK TABLES `category` WRITE;
/*!40000 ALTER TABLE `category` DISABLE KEYS */;
INSERT INTO `category` VALUES (1,'L1','L11',1),(2,'L1','L12',1),(3,'L1','L13',1),(4,'L1','L14',1),(5,'L1','L15',1),(6,'L2','L21',1),(7,'L2','L22',1),(8,'L2','L23',1),(9,'L2','L24',1),(10,'L2','L25',1),(11,'L3','L31',1),(12,'L3','L32',1),(13,'L3','L33',1),(14,'L3','L34',1),(15,'L3','L35',1),(16,'L4','L41',1),(17,'L4','L42',1),(18,'L4','L43',1),(19,'L4','L44',1),(20,'L4','L45',1),(21,'L5','L51',1),(22,'L5','L52',1),(23,'L5','L53',1),(24,'L5','L54',1),(25,'L5','L55',1);
/*!40000 ALTER TABLE `category` ENABLE KEYS */;
UNLOCK TABLES;



--
-- Table structure for table `shop`
--

DROP TABLE IF EXISTS `shop`;
/*!40101 SET @saved_cs_client     = @@character_set_client */;
/*!40101 SET character_set_client = utf8 */;
CREATE TABLE `shop` (
  `shop_id` int(11) NOT NULL AUTO_INCREMENT,
  `user_id` int(11) NOT NULL,
  `apply_status` varchar(10) COLLATE utf8mb4_unicode_ci NOT NULL DEFAULT '待审核',
  `shop_name` varchar(90) COLLATE utf8mb4_unicode_ci NOT NULL,
  `address` varchar(150) COLLATE utf8mb4_unicode_ci NOT NULL,
  `phone` char(11) COLLATE utf8mb4_unicode_ci NOT NULL,
  `shop_describe` varchar(300) COLLATE utf8mb4_unicode_ci DEFAULT '暂无描述',
  `announcement` varchar(300) COLLATE utf8mb4_unicode_ci DEFAULT '暂无公告',
  `evaluate_sum` bigint(20) DEFAULT '0',
  `evaluate_number` bigint(20) DEFAULT '0',
  `is_valid` tinyint(1) NOT NULL DEFAULT '1',
  PRIMARY KEY (`shop_id`),
  KEY `user_id` (`user_id`),
  CONSTRAINT `FK_shop_to_user` FOREIGN KEY (`user_id`) REFERENCES `user` (`user_id`) ON UPDATE CASCADE
) ENGINE=InnoDB AUTO_INCREMENT=21 DEFAULT CHARSET=utf8mb4 COLLATE=utf8mb4_unicode_ci;
/*!40101 SET character_set_client = @saved_cs_client */;

--
-- Dumping data for table `shop`
--

LOCK TABLES `shop` WRITE;
/*!40000 ALTER TABLE `shop` DISABLE KEYS */;
INSERT INTO `shop` VALUES (1,11,'已通过','shop_1','shopp_addr_1','11253207672','暂无描述','暂无公告',0,0,1),(2,6,'已通过','shop_2','shopp_addr_2','11414647625','暂无描述','暂无公告',0,0,1),(3,20,'已通过','shop_3','shopp_addr_3','11046741222','暂无描述','暂无公告',0,0,1),(4,3,'已通过','shop_4','shopp_addr_4','11896306640','暂无描述','暂无公告',0,0,1),(5,14,'已通过','shop_5','shopp_addr_5','11111783898','暂无描述','暂无公告',0,0,1),(6,11,'已通过','shop_6','shopp_addr_6','11197352298','暂无描述','暂无公告',0,0,1),(7,11,'已通过','shop_7','shopp_addr_7','11782280524','暂无描述','暂无公告',0,0,1),(8,2,'已通过','shop_8','shopp_addr_8','1524688209','暂无描述','暂无公告',0,0,1),(9,17,'已通过','shop_9','shopp_addr_9','11566288819','暂无描述','暂无公告',0,0,1),(10,16,'已通过','shop_10','shopp_addr_10','12114937732','暂无描述','暂无公告',0,0,1),(11,5,'已通过','shop_11','shopp_addr_11','11927495994','暂无描述','暂无公告',0,0,1),(12,10,'已通过','shop_12','shopp_addr_12','1882160379','暂无描述','暂无公告',0,0,1),(13,17,'已通过','shop_13','shopp_addr_13','11682085273','暂无描述','暂无公告',0,0,1),(14,16,'已通过','shop_14','shopp_addr_14','1630668850','暂无描述','暂无公告',0,0,1),(15,3,'已通过','shop_15','shopp_addr_15','11858721860','暂无描述','暂无公告',0,0,1),(16,5,'已通过','shop_16','shopp_addr_16','1105575579','暂无描述','暂无公告',0,0,1),(17,6,'已通过','shop_17','shopp_addr_17','12118421993','暂无描述','暂无公告',0,0,1),(18,8,'已通过','shop_18','shopp_addr_18','1452867621','暂无描述','暂无公告',0,0,1),(19,14,'已通过','shop_19','shopp_addr_19','11857962504','暂无描述','暂无公告',0,0,1),(20,15,'已通过','shop_20','shopp_addr_20','1213801961','暂无描述','暂无公告',0,0,1);
/*!40000 ALTER TABLE `shop` ENABLE KEYS */;
UNLOCK TABLES;
/*!50003 SET @saved_cs_client      = @@character_set_client */ ;
/*!50003 SET @saved_cs_results     = @@character_set_results */ ;
/*!50003 SET @saved_col_connection = @@collation_connection */ ;
/*!50003 SET character_set_client  = utf8 */ ;
/*!50003 SET character_set_results = utf8 */ ;
/*!50003 SET collation_connection  = utf8_general_ci */ ;
/*!50003 SET @saved_sql_mode       = @@sql_mode */ ;
/*!50003 SET sql_mode              = '' */ ;
DELIMITER ;;
/*!50003 CREATE*/ /*!50017 DEFINER=`root`@`localhost`*/ /*!50003 TRIGGER delete_shop
AFTER UPDATE ON shop
FOR EACH ROW
BEGIN
    if new.is_valid = false then
       update goods set is_valid = false where shop_id = new.shop_id ;
       update goods_order set is_valid = false where shop_id = new.shop_id ;
       update favorite_shops set is_valid = false where shop_id = new.shop_id;
    end if;
 END */;;
DELIMITER ;
/*!50003 SET sql_mode              = @saved_sql_mode */ ;
/*!50003 SET character_set_client  = @saved_cs_client */ ;
/*!50003 SET character_set_results = @saved_cs_results */ ;
/*!50003 SET collation_connection  = @saved_col_connection */ ;



--
-- Table structure for table `goods_order`
--

DROP TABLE IF EXISTS `goods_order`;
/*!40101 SET @saved_cs_client     = @@character_set_client */;
/*!40101 SET character_set_client = utf8 */;
CREATE TABLE `goods_order` (
  `order_id` bigint(20) NOT NULL AUTO_INCREMENT,
  `user_id` int(11) NOT NULL,
  `shop_id` int(11) NOT NULL,
  `order_status` varchar(10) COLLATE utf8mb4_unicode_ci NOT NULL DEFAULT '待付款',
  `tracking_number` char(12) COLLATE utf8mb4_unicode_ci DEFAULT NULL,
  `pay_method` varchar(16) COLLATE utf8mb4_unicode_ci NOT NULL,
  `order_time` datetime NOT NULL,
  `complete_time` datetime DEFAULT NULL,
  `annotation` varchar(100) COLLATE utf8mb4_unicode_ci DEFAULT NULL,
  `total` double NOT NULL,
  `receiver_id` int(11) NOT NULL,
  `is_valid` tinyint(1) NOT NULL DEFAULT '1',
  PRIMARY KEY (`order_id`),
  KEY `user_id` (`user_id`),
  KEY `FK_process_order` (`shop_id`),
  CONSTRAINT `FK_manage_order` FOREIGN KEY (`user_id`) REFERENCES `user` (`user_id`) ON UPDATE CASCADE,
  CONSTRAINT `FK_process_order` FOREIGN KEY (`shop_id`) REFERENCES `shop` (`shop_id`) ON UPDATE CASCADE
) ENGINE=InnoDB AUTO_INCREMENT=512 DEFAULT CHARSET=utf8mb4 COLLATE=utf8mb4_unicode_ci;
/*!40101 SET character_set_client = @saved_cs_client */;

--
-- Dumping data for table `goods_order`
--

LOCK TABLES `goods_order` WRITE;
/*!40000 ALTER TABLE `goods_order` DISABLE KEYS */;
INSERT INTO `goods_order` VALUES (1,7,3,'待收货','36320','在线支付','2016-12-05 00:00:00','2016-12-05 20:00:00',NULL,825,27,1),(2,40,9,'待评价','37705','在线支付','2016-12-05 00:00:00','2016-12-05 20:00:00',NULL,601,85,1),(3,9,17,'待评价','62737','在线支付','2016-12-05 00:00:00','2016-12-05 20:00:00',NULL,996,73,1),(4,49,14,'待评价','96397','在线支付','2016-12-05 00:00:00','2016-12-05 20:00:00',NULL,299,54,1),(5,30,9,'待发货','19073','在线支付','2016-12-05 00:00:00','2016-12-05 20:00:00',NULL,537,91,1),(6,41,10,'待收货','91543','在线支付','2016-12-05 00:00:00','2016-12-05 20:00:00',NULL,768,1,1),(7,43,14,'待收货','19519','在线支付','2016-12-05 00:00:00','2016-12-05 20:00:00',NULL,787,4,1),(8,39,16,'待发货','67770','在线支付','2016-12-05 00:00:00','2016-12-05 20:00:00',NULL,441,87,1),(9,22,15,'待付款','12236','在线支付','2016-12-05 00:00:00','2016-12-05 20:00:00',NULL,882,58,1),(10,49,11,'待收货','64989','在线支付','2016-12-05 00:00:00','2016-12-05 20:00:00',NULL,263,61,1),(11,44,20,'待收货','12960','在线支付','2016-12-05 00:00:00','2016-12-05 20:00:00',NULL,242,57,1),(12,32,1,'待评价','2290','在线支付','2016-12-05 00:00:00','2016-12-05 20:00:00',NULL,530,40,1),(13,35,16,'待发货','50030','在线支付','2016-12-05 00:00:00','2016-12-05 20:00:00',NULL,117,48,1),(14,30,5,'待收货','13351','在线支付','2016-12-05 00:00:00','2016-12-05 20:00:00',NULL,245,40,1),(15,36,4,'已完成','1569','在线支付','2016-12-05 00:00:00','2016-12-05 20:00:00',NULL,12,50,1),(16,40,10,'待发货','278','在线支付','2016-12-05 00:00:00','2016-12-05 20:00:00',NULL,433,78,1),(17,45,4,'待付款','6367','在线支付','2016-12-05 00:00:00','2016-12-05 20:00:00',NULL,268,68,1),(18,20,2,'待付款','75712','在线支付','2016-12-05 00:00:00','2016-12-05 20:00:00',NULL,937,30,1),(19,18,1,'待收货','90063','在线支付','2016-12-05 00:00:00','2016-12-05 20:00:00',NULL,488,27,1),(20,26,11,'已完成','18742','在线支付','2016-12-05 00:00:00','2016-12-05 20:00:00',NULL,545,24,1),(21,27,11,'已完成','26520','在线支付','2016-12-05 00:00:00','2016-12-05 20:00:00',NULL,165,97,1),(22,9,6,'待评价','67098','在线支付','2016-12-05 00:00:00','2016-12-05 20:00:00',NULL,2,25,1),(23,45,7,'待发货','83876','在线支付','2016-12-05 00:00:00','2016-12-05 20:00:00',NULL,31,13,1),(24,41,7,'已完成','31222','在线支付','2016-12-05 00:00:00','2016-12-05 20:00:00',NULL,317,17,1),(25,44,12,'待付款','17800','在线支付','2016-12-05 00:00:00','2016-12-05 20:00:00',NULL,586,48,1),(26,6,15,'待发货','52878','在线支付','2016-12-05 00:00:00','2016-12-05 20:00:00',NULL,433,58,1),(27,20,11,'已完成','32293','在线支付','2016-12-05 00:00:00','2016-12-05 20:00:00',NULL,923,13,1),(28,34,1,'待发货','23844','在线支付','2016-12-05 00:00:00','2016-12-05 20:00:00',NULL,530,90,1),(29,35,11,'待发货','3644','在线支付','2016-12-05 00:00:00','2016-12-05 20:00:00',NULL,853,88,1),(30,38,10,'待付款','13120','在线支付','2016-12-05 00:00:00','2016-12-05 20:00:00',NULL,954,57,1),(31,34,6,'待评价','48978','在线支付','2016-12-05 00:00:00','2016-12-05 20:00:00',NULL,691,6,1),(32,34,10,'待收货','26721','在线支付','2016-12-05 00:00:00','2016-12-05 20:00:00',NULL,671,74,1),(33,30,12,'已完成','92065','在线支付','2016-12-05 00:00:00','2016-12-05 20:00:00',NULL,288,8,1),(34,39,6,'待评价','44016','在线支付','2016-12-05 00:00:00','2016-12-05 20:00:00',NULL,19,1,1),(35,9,14,'待发货','34913','在线支付','2016-12-05 00:00:00','2016-12-05 20:00:00',NULL,848,75,1),(36,14,10,'已完成','40544','在线支付','2016-12-05 00:00:00','2016-12-05 20:00:00',NULL,880,71,1),(37,13,12,'待收货','23438','在线支付','2016-12-05 00:00:00','2016-12-05 20:00:00',NULL,433,23,1),(38,16,18,'待发货','22878','在线支付','2016-12-05 00:00:00','2016-12-05 20:00:00',NULL,233,83,1),(39,2,8,'待发货','3104','在线支付','2016-12-05 00:00:00','2016-12-05 20:00:00',NULL,227,22,1),(40,31,15,'待付款','10944','在线支付','2016-12-05 00:00:00','2016-12-05 20:00:00',NULL,577,32,1),(41,3,17,'待发货','60134','在线支付','2016-12-05 00:00:00','2016-12-05 20:00:00',NULL,17,99,1),(42,31,19,'已完成','75519','在线支付','2016-12-05 00:00:00','2016-12-05 20:00:00',NULL,594,32,1),(43,30,13,'待收货','33286','在线支付','2016-12-05 00:00:00','2016-12-05 20:00:00',NULL,846,19,1),(44,34,17,'已完成','50127','在线支付','2016-12-05 00:00:00','2016-12-05 20:00:00',NULL,640,78,1),(45,12,20,'已完成','88447','在线支付','2016-12-05 00:00:00','2016-12-05 20:00:00',NULL,565,8,1),(46,6,19,'待付款','25572','在线支付','2016-12-05 00:00:00','2016-12-05 20:00:00',NULL,103,28,1),(47,35,6,'待发货','40899','在线支付','2016-12-05 00:00:00','2016-12-05 20:00:00',NULL,183,64,1),(48,19,10,'已完成','68331','在线支付','2016-12-05 00:00:00','2016-12-05 20:00:00',NULL,519,92,1),(49,33,3,'待收货','53551','在线支付','2016-12-05 00:00:00','2016-12-05 20:00:00',NULL,872,94,1),(50,44,7,'已完成','93859','在线支付','2016-12-05 00:00:00','2016-12-05 20:00:00',NULL,299,18,1),(51,14,15,'已完成','69642','在线支付','2016-12-05 00:00:00','2016-12-05 20:00:00',NULL,507,87,1),(52,20,9,'待付款','89767','在线支付','2016-12-05 00:00:00','2016-12-05 20:00:00',NULL,242,80,1),(53,36,7,'待收货','27676','在线支付','2016-12-05 00:00:00','2016-12-05 20:00:00',NULL,179,11,1),(54,29,14,'待评价','10397','在线支付','2016-12-05 00:00:00','2016-12-05 20:00:00',NULL,774,38,1),(55,37,18,'待评价','7914','在线支付','2016-12-05 00:00:00','2016-12-05 20:00:00',NULL,772,26,1),(56,5,11,'待评价','99644','在线支付','2016-12-05 00:00:00','2016-12-05 20:00:00',NULL,992,64,1),(57,24,10,'待付款','85297','在线支付','2016-12-05 00:00:00','2016-12-05 20:00:00',NULL,285,72,1),(58,4,9,'待付款','39810','在线支付','2016-12-05 00:00:00','2016-12-05 20:00:00',NULL,643,5,1),(59,21,10,'已完成','96796','在线支付','2016-12-05 00:00:00','2016-12-05 20:00:00',NULL,305,86,1),(60,32,17,'待收货','91370','在线支付','2016-12-05 00:00:00','2016-12-05 20:00:00',NULL,821,68,1),(61,19,11,'待付款','57342','在线支付','2016-12-05 00:00:00','2016-12-05 20:00:00',NULL,264,66,1),(62,22,20,'待发货','27906','在线支付','2016-12-05 00:00:00','2016-12-05 20:00:00',NULL,231,12,1),(63,41,15,'待收货','95576','在线支付','2016-12-05 00:00:00','2016-12-05 20:00:00',NULL,293,71,1),(64,48,4,'待付款','8342','在线支付','2016-12-05 00:00:00','2016-12-05 20:00:00',NULL,815,84,1),(65,23,20,'已完成','68186','在线支付','2016-12-05 00:00:00','2016-12-05 20:00:00',NULL,534,51,1),(66,5,13,'待付款','64912','在线支付','2016-12-05 00:00:00','2016-12-05 20:00:00',NULL,590,48,1),(67,29,1,'待发货','13893','在线支付','2016-12-05 00:00:00','2016-12-05 20:00:00',NULL,387,55,1),(68,49,2,'待评价','95959','在线支付','2016-12-05 00:00:00','2016-12-05 20:00:00',NULL,140,60,1),(69,36,15,'待收货','28343','在线支付','2016-12-05 00:00:00','2016-12-05 20:00:00',NULL,515,24,1),(70,27,12,'待收货','26755','在线支付','2016-12-05 00:00:00','2016-12-05 20:00:00',NULL,908,22,1),(71,34,14,'待评价','55041','在线支付','2016-12-05 00:00:00','2016-12-05 20:00:00',NULL,958,70,1),(72,21,18,'待发货','66532','在线支付','2016-12-05 00:00:00','2016-12-05 20:00:00',NULL,501,8,1),(73,27,12,'待评价','17080','在线支付','2016-12-05 00:00:00','2016-12-05 20:00:00',NULL,708,85,1),(74,10,10,'待发货','13561','在线支付','2016-12-05 00:00:00','2016-12-05 20:00:00',NULL,860,99,1),(75,40,10,'已完成','25514','在线支付','2016-12-05 00:00:00','2016-12-05 20:00:00',NULL,591,7,1),(76,15,2,'待评价','67830','在线支付','2016-12-05 00:00:00','2016-12-05 20:00:00',NULL,166,1,1),(77,24,8,'待收货','62137','在线支付','2016-12-05 00:00:00','2016-12-05 20:00:00',NULL,791,39,1),(78,26,2,'待收货','16080','在线支付','2016-12-05 00:00:00','2016-12-05 20:00:00',NULL,35,88,1),(79,32,11,'已完成','96516','在线支付','2016-12-05 00:00:00','2016-12-05 20:00:00',NULL,949,51,1),(80,4,2,'待发货','93078','在线支付','2016-12-05 00:00:00','2016-12-05 20:00:00',NULL,330,14,1),(81,16,8,'待发货','4932','在线支付','2016-12-05 00:00:00','2016-12-05 20:00:00',NULL,62,21,1),(82,2,13,'待收货','81452','在线支付','2016-12-05 00:00:00','2016-12-05 20:00:00',NULL,426,97,1),(83,16,7,'待发货','10219','在线支付','2016-12-05 00:00:00','2016-12-05 20:00:00',NULL,487,98,1),(84,48,3,'已完成','96829','在线支付','2016-12-05 00:00:00','2016-12-05 20:00:00',NULL,71,58,1),(85,38,10,'待收货','98285','在线支付','2016-12-05 00:00:00','2016-12-05 20:00:00',NULL,922,84,1),(86,11,4,'待发货','14101','在线支付','2016-12-05 00:00:00','2016-12-05 20:00:00',NULL,332,33,1),(87,31,6,'待发货','91808','在线支付','2016-12-05 00:00:00','2016-12-05 20:00:00',NULL,738,83,1),(88,21,17,'待发货','367','在线支付','2016-12-05 00:00:00','2016-12-05 20:00:00',NULL,390,91,1),(89,41,6,'已完成','10003','在线支付','2016-12-05 00:00:00','2016-12-05 20:00:00',NULL,63,93,1),(90,29,18,'待评价','2298','在线支付','2016-12-05 00:00:00','2016-12-05 20:00:00',NULL,522,37,1),(91,26,9,'待付款','23209','在线支付','2016-12-05 00:00:00','2016-12-05 20:00:00',NULL,612,83,1),(92,23,9,'待评价','57343','在线支付','2016-12-05 00:00:00','2016-12-05 20:00:00',NULL,658,16,1),(93,27,8,'待收货','35962','在线支付','2016-12-05 00:00:00','2016-12-05 20:00:00',NULL,286,84,1),(94,29,11,'已完成','39529','在线支付','2016-12-05 00:00:00','2016-12-05 20:00:00',NULL,178,70,1),(95,28,14,'待付款','51781','在线支付','2016-12-05 00:00:00','2016-12-05 20:00:00',NULL,77,40,1),(96,38,12,'待收货','61667','在线支付','2016-12-05 00:00:00','2016-12-05 20:00:00',NULL,714,91,1),(97,18,13,'待发货','19102','在线支付','2016-12-05 00:00:00','2016-12-05 20:00:00',NULL,872,78,1),(98,46,5,'待评价','95569','在线支付','2016-12-05 00:00:00','2016-12-05 20:00:00',NULL,64,42,1),(99,29,15,'待评价','95876','在线支付','2016-12-05 00:00:00','2016-12-05 20:00:00',NULL,956,77,1),(100,23,16,'待收货','8792','在线支付','2016-12-05 00:00:00','2016-12-05 20:00:00',NULL,749,9,1),(101,34,18,'待付款','13704','在线支付','2016-12-05 00:00:00','2016-12-05 20:00:00',NULL,781,75,1),(102,35,14,'待发货','5839','在线支付','2016-12-05 00:00:00','2016-12-05 20:00:00',NULL,289,13,1),(103,8,6,'已完成','43','在线支付','2016-12-05 00:00:00','2016-12-05 20:00:00',NULL,310,40,1),(104,17,2,'待收货','83838','在线支付','2016-12-05 00:00:00','2016-12-05 20:00:00',NULL,407,55,1),(105,18,20,'待收货','11040','在线支付','2016-12-05 00:00:00','2016-12-05 20:00:00',NULL,478,53,1),(106,15,12,'待发货','10210','在线支付','2016-12-05 00:00:00','2016-12-05 20:00:00',NULL,95,55,1),(107,38,18,'待收货','57161','在线支付','2016-12-05 00:00:00','2016-12-05 20:00:00',NULL,586,91,1),(108,7,8,'待付款','73765','在线支付','2016-12-05 00:00:00','2016-12-05 20:00:00',NULL,79,60,1),(109,12,6,'待收货','70696','在线支付','2016-12-05 00:00:00','2016-12-05 20:00:00',NULL,644,91,1),(110,13,12,'待评价','27951','在线支付','2016-12-05 00:00:00','2016-12-05 20:00:00',NULL,751,70,1),(111,40,5,'待收货','92491','在线支付','2016-12-05 00:00:00','2016-12-05 20:00:00',NULL,146,1,1),(112,42,20,'待付款','37686','在线支付','2016-12-05 00:00:00','2016-12-05 20:00:00',NULL,926,33,1),(113,7,11,'待发货','47067','在线支付','2016-12-05 00:00:00','2016-12-05 20:00:00',NULL,626,13,1),(114,15,6,'已完成','16854','在线支付','2016-12-05 00:00:00','2016-12-05 20:00:00',NULL,891,45,1),(115,36,10,'已完成','79530','在线支付','2016-12-05 00:00:00','2016-12-05 20:00:00',NULL,821,27,1),(116,10,10,'待付款','42023','在线支付','2016-12-05 00:00:00','2016-12-05 20:00:00',NULL,346,53,1),(117,46,9,'待付款','97740','在线支付','2016-12-05 00:00:00','2016-12-05 20:00:00',NULL,25,32,1),(118,6,10,'待评价','85560','在线支付','2016-12-05 00:00:00','2016-12-05 20:00:00',NULL,770,78,1),(119,34,1,'待发货','92165','在线支付','2016-12-05 00:00:00','2016-12-05 20:00:00',NULL,292,56,1),(120,41,18,'待评价','15304','在线支付','2016-12-05 00:00:00','2016-12-05 20:00:00',NULL,598,24,1),(121,1,4,'待付款','80937','在线支付','2016-12-05 00:00:00','2016-12-05 20:00:00',NULL,771,46,1),(122,25,3,'已完成','64870','在线支付','2016-12-05 00:00:00','2016-12-05 20:00:00',NULL,269,1,1),(123,39,10,'已完成','62214','在线支付','2016-12-05 00:00:00','2016-12-05 20:00:00',NULL,213,60,1),(124,44,14,'已完成','35105','在线支付','2016-12-05 00:00:00','2016-12-05 20:00:00',NULL,693,52,1),(125,12,7,'待付款','74285','在线支付','2016-12-05 00:00:00','2016-12-05 20:00:00',NULL,73,5,1),(126,19,3,'已完成','9894','在线支付','2016-12-05 00:00:00','2016-12-05 20:00:00',NULL,133,68,1),(127,17,19,'待收货','93951','在线支付','2016-12-05 00:00:00','2016-12-05 20:00:00',NULL,281,32,1),(128,8,14,'待收货','56657','在线支付','2016-12-05 00:00:00','2016-12-05 20:00:00',NULL,560,84,1),(129,19,17,'待收货','30861','在线支付','2016-12-05 00:00:00','2016-12-05 20:00:00',NULL,399,63,1),(130,44,1,'已完成','76956','在线支付','2016-12-05 00:00:00','2016-12-05 20:00:00',NULL,392,42,1),(131,10,10,'待付款','89009','在线支付','2016-12-05 00:00:00','2016-12-05 20:00:00',NULL,162,86,1),(132,31,20,'已完成','45810','在线支付','2016-12-05 00:00:00','2016-12-05 20:00:00',NULL,652,99,1),(133,34,7,'待付款','98066','在线支付','2016-12-05 00:00:00','2016-12-05 20:00:00',NULL,435,42,1),(134,8,19,'待评价','23922','在线支付','2016-12-05 00:00:00','2016-12-05 20:00:00',NULL,370,90,1),(135,41,6,'待付款','90340','在线支付','2016-12-05 00:00:00','2016-12-05 20:00:00',NULL,39,94,1),(136,18,2,'待付款','84508','在线支付','2016-12-05 00:00:00','2016-12-05 20:00:00',NULL,127,14,1),(137,50,16,'待评价','7252','在线支付','2016-12-05 00:00:00','2016-12-05 20:00:00',NULL,311,30,1),(138,33,10,'待发货','61702','在线支付','2016-12-05 00:00:00','2016-12-05 20:00:00',NULL,372,25,1),(139,14,14,'待付款','9279','在线支付','2016-12-05 00:00:00','2016-12-05 20:00:00',NULL,958,70,1),(140,2,20,'已完成','35241','在线支付','2016-12-05 00:00:00','2016-12-05 20:00:00',NULL,744,88,1),(141,16,7,'待付款','62968','在线支付','2016-12-05 00:00:00','2016-12-05 20:00:00',NULL,338,40,1),(142,35,12,'待发货','62146','在线支付','2016-12-05 00:00:00','2016-12-05 20:00:00',NULL,424,50,1),(143,44,14,'待收货','28341','在线支付','2016-12-05 00:00:00','2016-12-05 20:00:00',NULL,482,34,1),(144,40,5,'已完成','10850','在线支付','2016-12-05 00:00:00','2016-12-05 20:00:00',NULL,223,20,1),(145,20,13,'待评价','94265','在线支付','2016-12-05 00:00:00','2016-12-05 20:00:00',NULL,808,60,1),(146,20,15,'已完成','61087','在线支付','2016-12-05 00:00:00','2016-12-05 20:00:00',NULL,214,6,1),(147,1,10,'待评价','10565','在线支付','2016-12-05 00:00:00','2016-12-05 20:00:00',NULL,698,16,1),(148,11,10,'待收货','62573','在线支付','2016-12-05 00:00:00','2016-12-05 20:00:00',NULL,844,88,1),(149,30,18,'待发货','72441','在线支付','2016-12-05 00:00:00','2016-12-05 20:00:00',NULL,218,6,1),(150,6,3,'待发货','36136','在线支付','2016-12-05 00:00:00','2016-12-05 20:00:00',NULL,241,4,1),(151,48,19,'待评价','28105','在线支付','2016-12-05 00:00:00','2016-12-05 20:00:00',NULL,644,44,1),(152,2,20,'待收货','91398','在线支付','2016-12-05 00:00:00','2016-12-05 20:00:00',NULL,914,1,1),(153,45,9,'待发货','67550','在线支付','2016-12-05 00:00:00','2016-12-05 20:00:00',NULL,320,90,1),(154,15,18,'待收货','77870','在线支付','2016-12-05 00:00:00','2016-12-05 20:00:00',NULL,246,37,1),(155,5,15,'待发货','16042','在线支付','2016-12-05 00:00:00','2016-12-05 20:00:00',NULL,887,22,1),(156,13,18,'已完成','40242','在线支付','2016-12-05 00:00:00','2016-12-05 20:00:00',NULL,863,24,1),(157,9,17,'待付款','88161','在线支付','2016-12-05 00:00:00','2016-12-05 20:00:00',NULL,699,32,1),(158,46,12,'待收货','32073','在线支付','2016-12-05 00:00:00','2016-12-05 20:00:00',NULL,498,70,1),(159,22,13,'待发货','81984','在线支付','2016-12-05 00:00:00','2016-12-05 20:00:00',NULL,440,70,1),(160,40,12,'待收货','59796','在线支付','2016-12-05 00:00:00','2016-12-05 20:00:00',NULL,544,41,1),(161,47,11,'待收货','99016','在线支付','2016-12-05 00:00:00','2016-12-05 20:00:00',NULL,943,28,1),(162,21,20,'待发货','7847','在线支付','2016-12-05 00:00:00','2016-12-05 20:00:00',NULL,423,25,1),(163,40,3,'待发货','76670','在线支付','2016-12-05 00:00:00','2016-12-05 20:00:00',NULL,853,95,1),(164,3,20,'待付款','79625','在线支付','2016-12-05 00:00:00','2016-12-05 20:00:00',NULL,12,38,1),(165,22,5,'待收货','85057','在线支付','2016-12-05 00:00:00','2016-12-05 20:00:00',NULL,709,14,1),(166,41,16,'待付款','19388','在线支付','2016-12-05 00:00:00','2016-12-05 20:00:00',NULL,467,47,1),(167,26,19,'已完成','87530','在线支付','2016-12-05 00:00:00','2016-12-05 20:00:00',NULL,918,22,1),(168,40,7,'待收货','85966','在线支付','2016-12-05 00:00:00','2016-12-05 20:00:00',NULL,875,57,1),(169,43,6,'待发货','18388','在线支付','2016-12-05 00:00:00','2016-12-05 20:00:00',NULL,62,12,1),(170,31,17,'已完成','91268','在线支付','2016-12-05 00:00:00','2016-12-05 20:00:00',NULL,710,17,1),(171,11,20,'待收货','55977','在线支付','2016-12-05 00:00:00','2016-12-05 20:00:00',NULL,982,68,1),(172,41,20,'待发货','28524','在线支付','2016-12-05 00:00:00','2016-12-05 20:00:00',NULL,927,51,1),(173,42,8,'待评价','75385','在线支付','2016-12-05 00:00:00','2016-12-05 20:00:00',NULL,773,54,1),(174,2,5,'待付款','57796','在线支付','2016-12-05 00:00:00','2016-12-05 20:00:00',NULL,116,38,1),(175,41,17,'已完成','6795','在线支付','2016-12-05 00:00:00','2016-12-05 20:00:00',NULL,135,84,1),(176,7,14,'已完成','18901','在线支付','2016-12-05 00:00:00','2016-12-05 20:00:00',NULL,228,40,1),(177,31,12,'已完成','53522','在线支付','2016-12-05 00:00:00','2016-12-05 20:00:00',NULL,243,65,1),(178,26,3,'待发货','66335','在线支付','2016-12-05 00:00:00','2016-12-05 20:00:00',NULL,466,40,1),(179,32,5,'待收货','64890','在线支付','2016-12-05 00:00:00','2016-12-05 20:00:00',NULL,588,80,1),(180,28,9,'待评价','32228','在线支付','2016-12-05 00:00:00','2016-12-05 20:00:00',NULL,768,62,1),(181,19,4,'待发货','27969','在线支付','2016-12-05 00:00:00','2016-12-05 20:00:00',NULL,533,95,1),(182,45,9,'待评价','25669','在线支付','2016-12-05 00:00:00','2016-12-05 20:00:00',NULL,627,88,1),(183,3,19,'待发货','75557','在线支付','2016-12-05 00:00:00','2016-12-05 20:00:00',NULL,572,21,1),(184,30,6,'待付款','5301','在线支付','2016-12-05 00:00:00','2016-12-05 20:00:00',NULL,96,64,1),(185,29,13,'待付款','80147','在线支付','2016-12-05 00:00:00','2016-12-05 20:00:00',NULL,600,43,1),(186,23,8,'待评价','74905','在线支付','2016-12-05 00:00:00','2016-12-05 20:00:00',NULL,957,54,1),(187,1,18,'已完成','22597','在线支付','2016-12-05 00:00:00','2016-12-05 20:00:00',NULL,227,17,1),(188,2,16,'待评价','68862','在线支付','2016-12-05 00:00:00','2016-12-05 20:00:00',NULL,522,54,1),(189,7,2,'已完成','29517','在线支付','2016-12-05 00:00:00','2016-12-05 20:00:00',NULL,1,8,1),(190,48,9,'已完成','43102','在线支付','2016-12-05 00:00:00','2016-12-05 20:00:00',NULL,945,35,1),(191,15,2,'待付款','15527','在线支付','2016-12-05 00:00:00','2016-12-05 20:00:00',NULL,101,64,1),(192,30,9,'待收货','52305','在线支付','2016-12-05 00:00:00','2016-12-05 20:00:00',NULL,648,86,1),(193,15,17,'已完成','99722','在线支付','2016-12-05 00:00:00','2016-12-05 20:00:00',NULL,116,50,1),(194,27,11,'待发货','29256','在线支付','2016-12-05 00:00:00','2016-12-05 20:00:00',NULL,798,86,1),(195,10,13,'已完成','27173','在线支付','2016-12-05 00:00:00','2016-12-05 20:00:00',NULL,489,93,1),(196,27,9,'待评价','70939','在线支付','2016-12-05 00:00:00','2016-12-05 20:00:00',NULL,406,67,1),(197,37,3,'待付款','1962','在线支付','2016-12-05 00:00:00','2016-12-05 20:00:00',NULL,195,48,1),(198,17,18,'待评价','97223','在线支付','2016-12-05 00:00:00','2016-12-05 20:00:00',NULL,483,30,1),(199,27,1,'待付款','26876','在线支付','2016-12-05 00:00:00','2016-12-05 20:00:00',NULL,278,76,1),(200,47,15,'已完成','56361','在线支付','2016-12-05 00:00:00','2016-12-05 20:00:00',NULL,394,19,1),(201,43,7,'待评价','53063','在线支付','2016-12-05 00:00:00','2016-12-05 20:00:00',NULL,215,9,1),(202,20,15,'待付款','46823','在线支付','2016-12-05 00:00:00','2016-12-05 20:00:00',NULL,705,33,1),(203,33,5,'待发货','36183','在线支付','2016-12-05 00:00:00','2016-12-05 20:00:00',NULL,107,97,1),(204,38,4,'待发货','34402','在线支付','2016-12-05 00:00:00','2016-12-05 20:00:00',NULL,382,66,1),(205,39,1,'待发货','78236','在线支付','2016-12-05 00:00:00','2016-12-05 20:00:00',NULL,732,88,1),(206,29,5,'待评价','66505','在线支付','2016-12-05 00:00:00','2016-12-05 20:00:00',NULL,565,80,1),(207,47,11,'待收货','92347','在线支付','2016-12-05 00:00:00','2016-12-05 20:00:00',NULL,487,36,1),(208,38,16,'待付款','18304','在线支付','2016-12-05 00:00:00','2016-12-05 20:00:00',NULL,306,64,1),(209,34,14,'待付款','88037','在线支付','2016-12-05 00:00:00','2016-12-05 20:00:00',NULL,644,35,1),(210,5,14,'待评价','41414','在线支付','2016-12-05 00:00:00','2016-12-05 20:00:00',NULL,556,40,1),(211,2,19,'待评价','91221','在线支付','2016-12-05 00:00:00','2016-12-05 20:00:00',NULL,814,83,1),(212,32,9,'待付款','24912','在线支付','2016-12-05 00:00:00','2016-12-05 20:00:00',NULL,811,52,1),(213,15,16,'待收货','1305','在线支付','2016-12-05 00:00:00','2016-12-05 20:00:00',NULL,628,14,1),(214,42,13,'待收货','67848','在线支付','2016-12-05 00:00:00','2016-12-05 20:00:00',NULL,7,65,1),(215,37,18,'待收货','54802','在线支付','2016-12-05 00:00:00','2016-12-05 20:00:00',NULL,277,41,1),(216,22,15,'待付款','34228','在线支付','2016-12-05 00:00:00','2016-12-05 20:00:00',NULL,839,94,1),(217,15,4,'已完成','60895','在线支付','2016-12-05 00:00:00','2016-12-05 20:00:00',NULL,450,72,1),(218,36,15,'待收货','39339','在线支付','2016-12-05 00:00:00','2016-12-05 20:00:00',NULL,720,68,1),(219,30,10,'待收货','18424','在线支付','2016-12-05 00:00:00','2016-12-05 20:00:00',NULL,386,34,1),(220,50,10,'待收货','85950','在线支付','2016-12-05 00:00:00','2016-12-05 20:00:00',NULL,116,24,1),(221,6,4,'待评价','87378','在线支付','2016-12-05 00:00:00','2016-12-05 20:00:00',NULL,171,36,1),(222,11,14,'待发货','78367','在线支付','2016-12-05 00:00:00','2016-12-05 20:00:00',NULL,516,40,1),(223,34,8,'已完成','82943','在线支付','2016-12-05 00:00:00','2016-12-05 20:00:00',NULL,170,53,1),(224,28,6,'待收货','54362','在线支付','2016-12-05 00:00:00','2016-12-05 20:00:00',NULL,939,41,1),(225,49,8,'待付款','66216','在线支付','2016-12-05 00:00:00','2016-12-05 20:00:00',NULL,698,79,1),(226,17,4,'待付款','54869','在线支付','2016-12-05 00:00:00','2016-12-05 20:00:00',NULL,160,21,1),(227,36,12,'待收货','75303','在线支付','2016-12-05 00:00:00','2016-12-05 20:00:00',NULL,890,68,1),(228,46,9,'待收货','30653','在线支付','2016-12-05 00:00:00','2016-12-05 20:00:00',NULL,902,54,1),(229,24,10,'待发货','70665','在线支付','2016-12-05 00:00:00','2016-12-05 20:00:00',NULL,112,99,1),(230,32,18,'待评价','85808','在线支付','2016-12-05 00:00:00','2016-12-05 20:00:00',NULL,973,4,1),(231,31,3,'已完成','86703','在线支付','2016-12-05 00:00:00','2016-12-05 20:00:00',NULL,876,24,1),(232,17,15,'待收货','5522','在线支付','2016-12-05 00:00:00','2016-12-05 20:00:00',NULL,943,13,1),(233,2,14,'待收货','12663','在线支付','2016-12-05 00:00:00','2016-12-05 20:00:00',NULL,575,35,1),(234,23,20,'待评价','76516','在线支付','2016-12-05 00:00:00','2016-12-05 20:00:00',NULL,696,39,1),(235,22,1,'待付款','15577','在线支付','2016-12-05 00:00:00','2016-12-05 20:00:00',NULL,641,85,1),(236,43,1,'待付款','50382','在线支付','2016-12-05 00:00:00','2016-12-05 20:00:00',NULL,923,24,1),(237,9,20,'待收货','33363','在线支付','2016-12-05 00:00:00','2016-12-05 20:00:00',NULL,966,53,1),(238,41,17,'待评价','96699','在线支付','2016-12-05 00:00:00','2016-12-05 20:00:00',NULL,297,26,1),(239,16,18,'待评价','66982','在线支付','2016-12-05 00:00:00','2016-12-05 20:00:00',NULL,434,61,1),(240,1,4,'已完成','88442','在线支付','2016-12-05 00:00:00','2016-12-05 20:00:00',NULL,318,49,1),(241,7,19,'待评价','98269','在线支付','2016-12-05 00:00:00','2016-12-05 20:00:00',NULL,328,33,1),(242,29,10,'待发货','13465','在线支付','2016-12-05 00:00:00','2016-12-05 20:00:00',NULL,515,28,1),(243,11,6,'待评价','89759','在线支付','2016-12-05 00:00:00','2016-12-05 20:00:00',NULL,107,42,1),(244,27,11,'待收货','47608','在线支付','2016-12-05 00:00:00','2016-12-05 20:00:00',NULL,528,2,1),(245,13,1,'待付款','9417','在线支付','2016-12-05 00:00:00','2016-12-05 20:00:00',NULL,15,33,1),(246,8,18,'待发货','60549','在线支付','2016-12-05 00:00:00','2016-12-05 20:00:00',NULL,226,58,1),(247,40,9,'待评价','91208','在线支付','2016-12-05 00:00:00','2016-12-05 20:00:00',NULL,807,70,1),(248,43,1,'待收货','58576','在线支付','2016-12-05 00:00:00','2016-12-05 20:00:00',NULL,68,19,1),(249,1,1,'待评价','58270','在线支付','2016-12-05 00:00:00','2016-12-05 20:00:00',NULL,382,55,1),(250,41,11,'待付款','88013','在线支付','2016-12-05 00:00:00','2016-12-05 20:00:00',NULL,67,22,1),(251,45,2,'待评价','59757','在线支付','2016-12-05 00:00:00','2016-12-05 20:00:00',NULL,74,35,1),(252,21,1,'待评价','73831','在线支付','2016-12-05 00:00:00','2016-12-05 20:00:00',NULL,562,43,1),(253,23,11,'待收货','99296','在线支付','2016-12-05 00:00:00','2016-12-05 20:00:00',NULL,858,55,1),(254,9,1,'已完成','30152','在线支付','2016-12-05 00:00:00','2016-12-05 20:00:00',NULL,290,35,1),(255,38,3,'已完成','85308','在线支付','2016-12-05 00:00:00','2016-12-05 20:00:00',NULL,31,45,1),(256,49,13,'待收货','69986','在线支付','2016-12-05 00:00:00','2016-12-05 20:00:00',NULL,154,26,1),(257,2,10,'待付款','59443','在线支付','2016-12-05 00:00:00','2016-12-05 20:00:00',NULL,741,97,1),(258,23,9,'已完成','90940','在线支付','2016-12-05 00:00:00','2016-12-05 20:00:00',NULL,313,13,1),(259,38,17,'待评价','45244','在线支付','2016-12-05 00:00:00','2016-12-05 20:00:00',NULL,168,29,1),(260,15,6,'已完成','42811','在线支付','2016-12-05 00:00:00','2016-12-05 20:00:00',NULL,118,98,1),(261,16,17,'已完成','95547','在线支付','2016-12-05 00:00:00','2016-12-05 20:00:00',NULL,318,83,1),(262,5,5,'已完成','46667','在线支付','2016-12-05 00:00:00','2016-12-05 20:00:00',NULL,785,18,1),(263,9,3,'待收货','39301','在线支付','2016-12-05 00:00:00','2016-12-05 20:00:00',NULL,485,51,1),(264,20,12,'待发货','89248','在线支付','2016-12-05 00:00:00','2016-12-05 20:00:00',NULL,329,65,1),(265,48,16,'待收货','98812','在线支付','2016-12-05 00:00:00','2016-12-05 20:00:00',NULL,883,11,1),(266,18,19,'已完成','87206','在线支付','2016-12-05 00:00:00','2016-12-05 20:00:00',NULL,835,17,1),(267,29,15,'待发货','13763','在线支付','2016-12-05 00:00:00','2016-12-05 20:00:00',NULL,564,7,1),(268,12,10,'待发货','43607','在线支付','2016-12-05 00:00:00','2016-12-05 20:00:00',NULL,34,66,1),(269,50,7,'待收货','96384','在线支付','2016-12-05 00:00:00','2016-12-05 20:00:00',NULL,542,35,1),(270,18,11,'已完成','8330','在线支付','2016-12-05 00:00:00','2016-12-05 20:00:00',NULL,578,98,1),(271,17,18,'待收货','14423','在线支付','2016-12-05 00:00:00','2016-12-05 20:00:00',NULL,384,87,1),(272,20,7,'待收货','82971','在线支付','2016-12-05 00:00:00','2016-12-05 20:00:00',NULL,868,37,1),(273,18,1,'已完成','98454','在线支付','2016-12-05 00:00:00','2016-12-05 20:00:00',NULL,182,68,1),(274,9,3,'待发货','89545','在线支付','2016-12-05 00:00:00','2016-12-05 20:00:00',NULL,231,96,1),(275,48,11,'待收货','31578','在线支付','2016-12-05 00:00:00','2016-12-05 20:00:00',NULL,341,31,1),(276,14,16,'已完成','45458','在线支付','2016-12-05 00:00:00','2016-12-05 20:00:00',NULL,450,62,1),(277,48,1,'待付款','30147','在线支付','2016-12-05 00:00:00','2016-12-05 20:00:00',NULL,682,36,1),(278,2,15,'待发货','42822','在线支付','2016-12-05 00:00:00','2016-12-05 20:00:00',NULL,637,1,1),(279,33,13,'待发货','50707','在线支付','2016-12-05 00:00:00','2016-12-05 20:00:00',NULL,902,15,1),(280,24,18,'待收货','5668','在线支付','2016-12-05 00:00:00','2016-12-05 20:00:00',NULL,839,26,1),(281,47,1,'待付款','31224','在线支付','2016-12-05 00:00:00','2016-12-05 20:00:00',NULL,949,50,1),(282,50,9,'待收货','92622','在线支付','2016-12-05 00:00:00','2016-12-05 20:00:00',NULL,809,100,1),(283,14,17,'待评价','95066','在线支付','2016-12-05 00:00:00','2016-12-05 20:00:00',NULL,791,100,1),(284,37,20,'已完成','6528','在线支付','2016-12-05 00:00:00','2016-12-05 20:00:00',NULL,961,67,1),(285,1,19,'已完成','22675','在线支付','2016-12-05 00:00:00','2016-12-05 20:00:00',NULL,248,77,1),(286,1,16,'待付款','35696','在线支付','2016-12-05 00:00:00','2016-12-05 20:00:00',NULL,270,85,1),(287,29,9,'待收货','8524','在线支付','2016-12-05 00:00:00','2016-12-05 20:00:00',NULL,245,82,1),(288,35,5,'待评价','17023','在线支付','2016-12-05 00:00:00','2016-12-05 20:00:00',NULL,929,65,1),(289,37,18,'待付款','88310','在线支付','2016-12-05 00:00:00','2016-12-05 20:00:00',NULL,783,70,1),(290,11,16,'待付款','71073','在线支付','2016-12-05 00:00:00','2016-12-05 20:00:00',NULL,322,43,1),(291,27,8,'待收货','35692','在线支付','2016-12-05 00:00:00','2016-12-05 20:00:00',NULL,51,66,1),(292,33,4,'待付款','72629','在线支付','2016-12-05 00:00:00','2016-12-05 20:00:00',NULL,829,59,1),(293,9,14,'待发货','84975','在线支付','2016-12-05 00:00:00','2016-12-05 20:00:00',NULL,472,39,1),(294,28,20,'待收货','19008','在线支付','2016-12-05 00:00:00','2016-12-05 20:00:00',NULL,407,31,1),(295,11,19,'待收货','23121','在线支付','2016-12-05 00:00:00','2016-12-05 20:00:00',NULL,529,96,1),(296,13,4,'待发货','21294','在线支付','2016-12-05 00:00:00','2016-12-05 20:00:00',NULL,478,30,1),(297,29,14,'待收货','94285','在线支付','2016-12-05 00:00:00','2016-12-05 20:00:00',NULL,473,8,1),(298,42,20,'待付款','63789','在线支付','2016-12-05 00:00:00','2016-12-05 20:00:00',NULL,996,97,1),(299,5,10,'待付款','98316','在线支付','2016-12-05 00:00:00','2016-12-05 20:00:00',NULL,766,70,1),(300,27,5,'待收货','8181','在线支付','2016-12-05 00:00:00','2016-12-05 20:00:00',NULL,278,70,1);
/*!40000 ALTER TABLE `goods_order` ENABLE KEYS */;
UNLOCK TABLES;




















--
-- Table structure for table `goods`
--

DROP TABLE IF EXISTS `goods`;
/*!40101 SET @saved_cs_client     = @@character_set_client */;
/*!40101 SET character_set_client = utf8 */;
CREATE TABLE `goods` (
  `goods_id` int(11) NOT NULL AUTO_INCREMENT,
  `category_id` int(11) NOT NULL,
  `shop_id` int(11) NOT NULL,
  `goods_name` varchar(90) COLLATE utf8mb4_unicode_ci NOT NULL,
  `sales` int(11) NOT NULL DEFAULT '0',
  `discount_deadline` datetime DEFAULT '2000-01-01 00:00:00',
  `discount_rate` double DEFAULT '1',
  `is_valid` tinyint(1) NOT NULL DEFAULT '1',
  `goods_describe` varchar(300) COLLATE utf8mb4_unicode_ci DEFAULT NULL,
  PRIMARY KEY (`goods_id`),
  KEY `FK_refer` (`category_id`),
  KEY `FK_sell` (`shop_id`),
  CONSTRAINT `FK_refer` FOREIGN KEY (`category_id`) REFERENCES `category` (`category_id`) ON UPDATE CASCADE,
  CONSTRAINT `FK_sell` FOREIGN KEY (`shop_id`) REFERENCES `shop` (`shop_id`) ON UPDATE CASCADE
) ENGINE=InnoDB AUTO_INCREMENT=512 DEFAULT CHARSET=utf8mb4 COLLATE=utf8mb4_unicode_ci;
/*!40101 SET character_set_client = @saved_cs_client */;

--
-- Dumping data for table `goods`
--

LOCK TABLES `goods` WRITE;
/*!40000 ALTER TABLE `goods` DISABLE KEYS */;
INSERT INTO `goods` VALUES (1,13,15,'goods_name_1',34,'2018-12-06 00:00:00',0.0000000000000390799,1,'goods_describe_1'),(2,25,12,'goods_name_2',58,'2016-12-06 00:00:00',0.000985395,1,'goods_describe_2'),(3,24,19,'goods_name_3',65,'2016-12-06 00:00:00',0.041631,1,'goods_describe_3'),(4,2,7,'goods_name_4',35,'2018-12-06 00:00:00',0.176643,1,'goods_describe_4'),(5,17,15,'goods_name_5',26,'2018-12-06 00:00:00',0.364602,1,'goods_describe_5'),(6,23,17,'goods_name_6',90,'2016-12-06 00:00:00',0.0913306,1,'goods_describe_6'),(7,4,5,'goods_name_7',27,'2018-12-06 00:00:00',0.0922976,1,'goods_describe_7'),(8,6,3,'goods_name_8',41,'2016-12-06 00:00:00',0.487217,1,'goods_describe_8'),(9,16,16,'goods_name_9',49,'2018-12-06 00:00:00',0.52675,1,'goods_describe_9'),(10,18,7,'goods_name_10',47,'2018-12-06 00:00:00',0.454433,1,'goods_describe_10'),(11,9,11,'goods_name_11',5,'2018-12-06 00:00:00',0.233178,1,'goods_describe_11'),(12,11,2,'goods_name_12',69,'2016-12-06 00:00:00',0.831292,1,'goods_describe_12'),(13,2,2,'goods_name_13',56,'2018-12-06 00:00:00',0.931731,1,'goods_describe_13'),(14,17,12,'goods_name_14',11,'2016-12-06 00:00:00',0.56806,1,'goods_describe_14'),(15,24,8,'goods_name_15',36,'2016-12-06 00:00:00',0.556094,1,'goods_describe_15'),(16,1,17,'goods_name_16',82,'2018-12-06 00:00:00',0.0508319,1,'goods_describe_16'),(17,10,3,'goods_name_17',52,'2018-12-06 00:00:00',0.767051,1,'goods_describe_17'),(18,15,2,'goods_name_18',61,'2018-12-06 00:00:00',0.0189148,1,'goods_describe_18'),(19,6,13,'goods_name_19',44,'2016-12-06 00:00:00',0.25236,1,'goods_describe_19'),(20,7,3,'goods_name_20',34,'2018-12-06 00:00:00',0.298197,1,'goods_describe_20'),(21,12,20,'goods_name_21',97,'2016-12-06 00:00:00',0.875981,1,'goods_describe_21'),(22,22,9,'goods_name_22',11,'2016-12-06 00:00:00',0.531557,1,'goods_describe_22'),(23,25,15,'goods_name_23',76,'2018-12-06 00:00:00',0.920261,1,'goods_describe_23'),(24,11,6,'goods_name_24',51,'2016-12-06 00:00:00',0.515431,1,'goods_describe_24'),(25,6,12,'goods_name_25',20,'2018-12-06 00:00:00',0.810429,1,'goods_describe_25'),(26,22,20,'goods_name_26',25,'2016-12-06 00:00:00',0.18842,1,'goods_describe_26'),(27,6,4,'goods_name_27',45,'2018-12-06 00:00:00',0.886314,1,'goods_describe_27'),(28,21,7,'goods_name_28',47,'2018-12-06 00:00:00',0.570614,1,'goods_describe_28'),(29,3,19,'goods_name_29',46,'2016-12-06 00:00:00',0.0767746,1,'goods_describe_29'),(30,6,19,'goods_name_30',87,'2016-12-06 00:00:00',0.815274,1,'goods_describe_30'),(31,22,11,'goods_name_31',45,'2018-12-06 00:00:00',0.984891,1,'goods_describe_31'),(32,1,19,'goods_name_32',8,'2018-12-06 00:00:00',0.118352,1,'goods_describe_32'),(33,9,8,'goods_name_33',30,'2016-12-06 00:00:00',0.893906,1,'goods_describe_33'),(34,23,8,'goods_name_34',80,'2018-12-06 00:00:00',0.784484,1,'goods_describe_34'),(35,5,3,'goods_name_35',11,'2018-12-06 00:00:00',0.100916,1,'goods_describe_35'),(36,3,7,'goods_name_36',41,'2016-12-06 00:00:00',0.253311,1,'goods_describe_36'),(37,22,7,'goods_name_37',86,'2016-12-06 00:00:00',0.0198417,1,'goods_describe_37'),(38,13,12,'goods_name_38',5,'2018-12-06 00:00:00',0.378377,1,'goods_describe_38'),(39,24,11,'goods_name_39',34,'2018-12-06 00:00:00',0.678877,1,'goods_describe_39'),(40,22,1,'goods_name_40',70,'2016-12-06 00:00:00',0.680923,1,'goods_describe_40'),(41,7,2,'goods_name_41',9,'2016-12-06 00:00:00',0.752707,1,'goods_describe_41'),(42,13,9,'goods_name_42',89,'2018-12-06 00:00:00',0.00622945,1,'goods_describe_42'),(43,10,19,'goods_name_43',84,'2018-12-06 00:00:00',0.624407,1,'goods_describe_43'),(44,12,15,'goods_name_44',46,'2018-12-06 00:00:00',0.126462,1,'goods_describe_44'),(45,8,8,'goods_name_45',73,'2016-12-06 00:00:00',0.61755,1,'goods_describe_45'),(46,6,15,'goods_name_46',12,'2018-12-06 00:00:00',0.770928,1,'goods_describe_46'),(47,13,19,'goods_name_47',58,'2016-12-06 00:00:00',0.186536,1,'goods_describe_47'),(48,4,1,'goods_name_48',79,'2016-12-06 00:00:00',0.496722,1,'goods_describe_48'),(49,1,5,'goods_name_49',42,'2016-12-06 00:00:00',0.5095,1,'goods_describe_49'),(50,9,20,'goods_name_50',66,'2016-12-06 00:00:00',0.315939,1,'goods_describe_50'),(51,24,5,'goods_name_51',59,'2016-12-06 00:00:00',0.701703,1,'goods_describe_51'),(52,15,6,'goods_name_52',11,'2018-12-06 00:00:00',0.367247,1,'goods_describe_52'),(53,13,7,'goods_name_53',45,'2018-12-06 00:00:00',0.876312,1,'goods_describe_53'),(54,1,3,'goods_name_54',94,'2018-12-06 00:00:00',0.370995,1,'goods_describe_54'),(55,4,10,'goods_name_55',21,'2016-12-06 00:00:00',0.525252,1,'goods_describe_55'),(56,13,17,'goods_name_56',50,'2016-12-06 00:00:00',0.427835,1,'goods_describe_56'),(57,25,15,'goods_name_57',42,'2016-12-06 00:00:00',0.542743,1,'goods_describe_57'),(58,9,10,'goods_name_58',55,'2016-12-06 00:00:00',0.667979,1,'goods_describe_58'),(59,20,2,'goods_name_59',55,'2016-12-06 00:00:00',0.171142,1,'goods_describe_59'),(60,25,1,'goods_name_60',19,'2016-12-06 00:00:00',0.830779,1,'goods_describe_60'),(61,19,4,'goods_name_61',7,'2018-12-06 00:00:00',0.861905,1,'goods_describe_61'),(62,2,11,'goods_name_62',6,'2018-12-06 00:00:00',0.769221,1,'goods_describe_62'),(63,4,10,'goods_name_63',12,'2018-12-06 00:00:00',0.0525795,1,'goods_describe_63'),(64,6,18,'goods_name_64',87,'2016-12-06 00:00:00',0.96673,1,'goods_describe_64'),(65,15,20,'goods_name_65',84,'2018-12-06 00:00:00',0.334284,1,'goods_describe_65'),(66,4,8,'goods_name_66',90,'2018-12-06 00:00:00',0.0820965,1,'goods_describe_66'),(67,12,5,'goods_name_67',81,'2018-12-06 00:00:00',0.270315,1,'goods_describe_67'),(68,15,12,'goods_name_68',85,'2018-12-06 00:00:00',0.0742624,1,'goods_describe_68'),(69,18,5,'goods_name_69',27,'2018-12-06 00:00:00',0.676226,1,'goods_describe_69'),(70,12,17,'goods_name_70',8,'2016-12-06 00:00:00',0.810159,1,'goods_describe_70'),(71,7,2,'goods_name_71',26,'2016-12-06 00:00:00',0.464211,1,'goods_describe_71'),(72,20,7,'goods_name_72',11,'2018-12-06 00:00:00',0.569185,1,'goods_describe_72'),(73,9,16,'goods_name_73',18,'2016-12-06 00:00:00',0.512203,1,'goods_describe_73'),(74,4,18,'goods_name_74',83,'2016-12-06 00:00:00',0.58651,1,'goods_describe_74'),(75,15,18,'goods_name_75',14,'2018-12-06 00:00:00',0.738759,1,'goods_describe_75'),(76,17,1,'goods_name_76',81,'2016-12-06 00:00:00',0.871689,1,'goods_describe_76'),(77,14,16,'goods_name_77',65,'2016-12-06 00:00:00',0.577967,1,'goods_describe_77'),(78,18,13,'goods_name_78',32,'2018-12-06 00:00:00',0.964704,1,'goods_describe_78'),(79,25,6,'goods_name_79',46,'2018-12-06 00:00:00',0.333529,1,'goods_describe_79'),(80,3,12,'goods_name_80',64,'2016-12-06 00:00:00',0.392828,1,'goods_describe_80'),(81,17,6,'goods_name_81',7,'2016-12-06 00:00:00',0.176928,1,'goods_describe_81'),(82,7,5,'goods_name_82',75,'2018-12-06 00:00:00',0.111869,1,'goods_describe_82'),(83,14,11,'goods_name_83',62,'2016-12-06 00:00:00',0.852681,1,'goods_describe_83'),(84,24,20,'goods_name_84',3,'2018-12-06 00:00:00',0.811172,1,'goods_describe_84'),(85,18,19,'goods_name_85',67,'2016-12-06 00:00:00',0.954887,1,'goods_describe_85'),(86,10,5,'goods_name_86',43,'2016-12-06 00:00:00',0.904283,1,'goods_describe_86'),(87,22,16,'goods_name_87',62,'2016-12-06 00:00:00',0.138915,1,'goods_describe_87'),(88,7,19,'goods_name_88',7,'2016-12-06 00:00:00',0.686187,1,'goods_describe_88'),(89,5,8,'goods_name_89',36,'2018-12-06 00:00:00',0.126987,1,'goods_describe_89'),(90,3,11,'goods_name_90',45,'2016-12-06 00:00:00',0.0040902,1,'goods_describe_90'),(91,2,1,'goods_name_91',33,'2018-12-06 00:00:00',0.000502785,1,'goods_describe_91'),(92,5,20,'goods_name_92',72,'2016-12-06 00:00:00',0.192952,1,'goods_describe_92'),(93,15,7,'goods_name_93',90,'2018-12-06 00:00:00',0.58678,1,'goods_describe_93'),(94,23,11,'goods_name_94',83,'2016-12-06 00:00:00',0.374959,1,'goods_describe_94'),(95,20,9,'goods_name_95',87,'2018-12-06 00:00:00',0.0267859,1,'goods_describe_95'),(96,8,17,'goods_name_96',19,'2016-12-06 00:00:00',0.464765,1,'goods_describe_96'),(97,16,4,'goods_name_97',76,'2018-12-06 00:00:00',0.785343,1,'goods_describe_97'),(98,3,10,'goods_name_98',26,'2018-12-06 00:00:00',0.442235,1,'goods_describe_98'),(99,21,1,'goods_name_99',10,'2018-12-06 00:00:00',0.287904,1,'goods_describe_99'),(100,23,1,'goods_name_100',32,'2016-12-06 00:00:00',0.853353,1,'goods_describe_100'),(101,7,14,'goods_name_101',47,'2016-12-06 00:00:00',0.525972,1,'goods_describe_101'),(102,25,9,'goods_name_102',65,'2018-12-06 00:00:00',0.728417,1,'goods_describe_102'),(103,20,5,'goods_name_103',49,'2016-12-06 00:00:00',0.266314,1,'goods_describe_103'),(104,23,5,'goods_name_104',73,'2016-12-06 00:00:00',0.783484,1,'goods_describe_104'),(105,20,20,'goods_name_105',68,'2018-12-06 00:00:00',0.468044,1,'goods_describe_105'),(106,5,9,'goods_name_106',10,'2018-12-06 00:00:00',0.196997,1,'goods_describe_106'),(107,6,11,'goods_name_107',29,'2016-12-06 00:00:00',0.447177,1,'goods_describe_107'),(108,7,10,'goods_name_108',51,'2018-12-06 00:00:00',0.72844,1,'goods_describe_108'),(109,3,9,'goods_name_109',43,'2016-12-06 00:00:00',0.966093,1,'goods_describe_109'),(110,9,15,'goods_name_110',69,'2016-12-06 00:00:00',0.756841,1,'goods_describe_110'),(111,13,4,'goods_name_111',99,'2018-12-06 00:00:00',0.466057,1,'goods_describe_111'),(112,20,12,'goods_name_112',8,'2016-12-06 00:00:00',0.868966,1,'goods_describe_112'),(113,22,1,'goods_name_113',4,'2016-12-06 00:00:00',0.134039,1,'goods_describe_113'),(114,12,7,'goods_name_114',89,'2016-12-06 00:00:00',0.846053,1,'goods_describe_114'),(115,3,2,'goods_name_115',77,'2016-12-06 00:00:00',0.0180877,1,'goods_describe_115'),(116,2,20,'goods_name_116',23,'2016-12-06 00:00:00',0.940855,1,'goods_describe_116'),(117,24,5,'goods_name_117',100,'2018-12-06 00:00:00',0.670082,1,'goods_describe_117'),(118,14,13,'goods_name_118',59,'2018-12-06 00:00:00',0.799972,1,'goods_describe_118'),(119,6,17,'goods_name_119',88,'2016-12-06 00:00:00',0.143217,1,'goods_describe_119'),(120,23,12,'goods_name_120',40,'2016-12-06 00:00:00',0.61046,1,'goods_describe_120'),(121,7,5,'goods_name_121',93,'2016-12-06 00:00:00',0.908283,1,'goods_describe_121'),(122,25,14,'goods_name_122',23,'2016-12-06 00:00:00',0.774415,1,'goods_describe_122'),(123,2,9,'goods_name_123',87,'2016-12-06 00:00:00',0.366065,1,'goods_describe_123'),(124,2,3,'goods_name_124',88,'2018-12-06 00:00:00',0.944288,1,'goods_describe_124'),(125,9,10,'goods_name_125',59,'2016-12-06 00:00:00',0.884822,1,'goods_describe_125'),(126,4,7,'goods_name_126',82,'2016-12-06 00:00:00',0.445171,1,'goods_describe_126'),(127,15,19,'goods_name_127',75,'2016-12-06 00:00:00',0.163028,1,'goods_describe_127'),(128,7,20,'goods_name_128',63,'2016-12-06 00:00:00',0.424817,1,'goods_describe_128'),(129,10,16,'goods_name_129',36,'2016-12-06 00:00:00',0.479854,1,'goods_describe_129'),(130,8,16,'goods_name_130',61,'2018-12-06 00:00:00',0.0311283,1,'goods_describe_130'),(131,6,4,'goods_name_131',65,'2016-12-06 00:00:00',0.60843,1,'goods_describe_131'),(132,18,14,'goods_name_132',38,'2018-12-06 00:00:00',0.792261,1,'goods_describe_132'),(133,19,1,'goods_name_133',84,'2016-12-06 00:00:00',0.182497,1,'goods_describe_133'),(134,13,10,'goods_name_134',47,'2016-12-06 00:00:00',0.525121,1,'goods_describe_134'),(135,13,4,'goods_name_135',60,'2018-12-06 00:00:00',0.898759,1,'goods_describe_135'),(136,1,4,'goods_name_136',43,'2018-12-06 00:00:00',0.30879,1,'goods_describe_136'),(137,12,3,'goods_name_137',11,'2018-12-06 00:00:00',0.942626,1,'goods_describe_137'),(138,18,14,'goods_name_138',98,'2016-12-06 00:00:00',0.388025,1,'goods_describe_138'),(139,18,5,'goods_name_139',29,'2018-12-06 00:00:00',0.930512,1,'goods_describe_139'),(140,17,20,'goods_name_140',59,'2016-12-06 00:00:00',0.911384,1,'goods_describe_140'),(141,10,7,'goods_name_141',60,'2018-12-06 00:00:00',0.337718,1,'goods_describe_141'),(142,6,7,'goods_name_142',36,'2018-12-06 00:00:00',0.532812,1,'goods_describe_142'),(143,17,18,'goods_name_143',3,'2018-12-06 00:00:00',0.702077,1,'goods_describe_143'),(144,25,13,'goods_name_144',14,'2016-12-06 00:00:00',0.971011,1,'goods_describe_144'),(145,20,1,'goods_name_145',7,'2018-12-06 00:00:00',0.768085,1,'goods_describe_145'),(146,18,4,'goods_name_146',7,'2018-12-06 00:00:00',0.751941,1,'goods_describe_146'),(147,3,15,'goods_name_147',40,'2016-12-06 00:00:00',0.0908641,1,'goods_describe_147'),(148,18,19,'goods_name_148',94,'2018-12-06 00:00:00',0.853967,1,'goods_describe_148'),(149,14,5,'goods_name_149',6,'2016-12-06 00:00:00',0.174644,1,'goods_describe_149'),(150,13,5,'goods_name_150',3,'2016-12-06 00:00:00',0.0197704,1,'goods_describe_150'),(151,2,17,'goods_name_151',62,'2016-12-06 00:00:00',0.419054,1,'goods_describe_151'),(152,1,8,'goods_name_152',49,'2016-12-06 00:00:00',0.29637,1,'goods_describe_152'),(153,10,17,'goods_name_153',40,'2016-12-06 00:00:00',0.378232,1,'goods_describe_153'),(154,6,7,'goods_name_154',12,'2018-12-06 00:00:00',0.418716,1,'goods_describe_154'),(155,3,13,'goods_name_155',13,'2016-12-06 00:00:00',0.138448,1,'goods_describe_155'),(156,12,7,'goods_name_156',4,'2018-12-06 00:00:00',0.380847,1,'goods_describe_156'),(157,3,8,'goods_name_157',51,'2016-12-06 00:00:00',0.29978,1,'goods_describe_157'),(158,8,1,'goods_name_158',72,'2018-12-06 00:00:00',0.0210121,1,'goods_describe_158'),(159,12,11,'goods_name_159',49,'2016-12-06 00:00:00',0.238803,1,'goods_describe_159'),(160,5,14,'goods_name_160',38,'2016-12-06 00:00:00',0.0371094,1,'goods_describe_160'),(161,25,4,'goods_name_161',62,'2018-12-06 00:00:00',0.221059,1,'goods_describe_161'),(162,2,15,'goods_name_162',43,'2016-12-06 00:00:00',0.525435,1,'goods_describe_162'),(163,15,19,'goods_name_163',40,'2016-12-06 00:00:00',0.494525,1,'goods_describe_163'),(164,3,18,'goods_name_164',26,'2016-12-06 00:00:00',0.882522,1,'goods_describe_164'),(165,6,15,'goods_name_165',5,'2018-12-06 00:00:00',0.77383,1,'goods_describe_165'),(166,11,11,'goods_name_166',47,'2018-12-06 00:00:00',0.0590025,1,'goods_describe_166'),(167,18,4,'goods_name_167',1,'2016-12-06 00:00:00',0.119801,1,'goods_describe_167'),(168,20,17,'goods_name_168',89,'2016-12-06 00:00:00',0.547801,1,'goods_describe_168'),(169,1,14,'goods_name_169',13,'2018-12-06 00:00:00',0.341916,1,'goods_describe_169'),(170,11,12,'goods_name_170',49,'2016-12-06 00:00:00',0.456812,1,'goods_describe_170'),(171,5,5,'goods_name_171',83,'2018-12-06 00:00:00',0.588122,1,'goods_describe_171'),(172,12,4,'goods_name_172',3,'2018-12-06 00:00:00',0.58515,1,'goods_describe_172'),(173,10,8,'goods_name_173',38,'2016-12-06 00:00:00',0.069927,1,'goods_describe_173'),(174,6,7,'goods_name_174',10,'2016-12-06 00:00:00',0.818931,1,'goods_describe_174'),(175,2,6,'goods_name_175',70,'2018-12-06 00:00:00',0.403161,1,'goods_describe_175'),(176,9,11,'goods_name_176',74,'2018-12-06 00:00:00',0.585483,1,'goods_describe_176'),(177,15,4,'goods_name_177',65,'2018-12-06 00:00:00',0.191161,1,'goods_describe_177'),(178,4,13,'goods_name_178',87,'2016-12-06 00:00:00',0.892277,1,'goods_describe_178'),(179,3,13,'goods_name_179',77,'2016-12-06 00:00:00',0.176332,1,'goods_describe_179'),(180,13,7,'goods_name_180',68,'2016-12-06 00:00:00',0.207704,1,'goods_describe_180'),(181,18,12,'goods_name_181',34,'2016-12-06 00:00:00',0.115748,1,'goods_describe_181'),(182,6,16,'goods_name_182',18,'2016-12-06 00:00:00',0.158915,1,'goods_describe_182'),(183,23,8,'goods_name_183',1,'2016-12-06 00:00:00',0.992644,1,'goods_describe_183'),(184,10,18,'goods_name_184',78,'2018-12-06 00:00:00',0.681571,1,'goods_describe_184'),(185,8,11,'goods_name_185',93,'2018-12-06 00:00:00',0.811796,1,'goods_describe_185'),(186,23,1,'goods_name_186',3,'2016-12-06 00:00:00',0.642215,1,'goods_describe_186'),(187,12,7,'goods_name_187',45,'2018-12-06 00:00:00',0.329342,1,'goods_describe_187'),(188,19,19,'goods_name_188',93,'2018-12-06 00:00:00',0.737553,1,'goods_describe_188'),(189,22,1,'goods_name_189',22,'2018-12-06 00:00:00',0.823483,1,'goods_describe_189'),(190,6,20,'goods_name_190',88,'2016-12-06 00:00:00',0.721261,1,'goods_describe_190'),(191,14,20,'goods_name_191',87,'2018-12-06 00:00:00',0.657982,1,'goods_describe_191'),(192,10,5,'goods_name_192',37,'2018-12-06 00:00:00',0.358774,1,'goods_describe_192'),(193,10,7,'goods_name_193',75,'2016-12-06 00:00:00',0.610365,1,'goods_describe_193'),(194,11,19,'goods_name_194',28,'2018-12-06 00:00:00',0.415004,1,'goods_describe_194'),(195,11,14,'goods_name_195',85,'2018-12-06 00:00:00',0.814954,1,'goods_describe_195'),(196,9,4,'goods_name_196',25,'2018-12-06 00:00:00',0.773965,1,'goods_describe_196'),(197,14,3,'goods_name_197',16,'2018-12-06 00:00:00',0.274311,1,'goods_describe_197'),(198,18,9,'goods_name_198',62,'2018-12-06 00:00:00',0.044742,1,'goods_describe_198'),(199,13,16,'goods_name_199',1,'2018-12-06 00:00:00',0.601041,1,'goods_describe_199'),(200,18,12,'goods_name_200',32,'2016-12-06 00:00:00',0.514091,1,'goods_describe_200'),(201,13,17,'goods_name_201',39,'2016-12-06 00:00:00',0.630215,1,'goods_describe_201'),(202,16,20,'goods_name_202',35,'2018-12-06 00:00:00',0.180893,1,'goods_describe_202'),(203,2,8,'goods_name_203',73,'2016-12-06 00:00:00',0.278501,1,'goods_describe_203'),(204,20,11,'goods_name_204',83,'2016-12-06 00:00:00',0.452489,1,'goods_describe_204'),(205,4,3,'goods_name_205',93,'2016-12-06 00:00:00',0.642986,1,'goods_describe_205'),(206,3,8,'goods_name_206',3,'2018-12-06 00:00:00',0.742832,1,'goods_describe_206'),(207,17,15,'goods_name_207',56,'2016-12-06 00:00:00',0.413655,1,'goods_describe_207'),(208,20,1,'goods_name_208',39,'2016-12-06 00:00:00',0.618052,1,'goods_describe_208'),(209,21,4,'goods_name_209',89,'2016-12-06 00:00:00',0.618289,1,'goods_describe_209'),(210,20,18,'goods_name_210',35,'2016-12-06 00:00:00',0.854436,1,'goods_describe_210'),(211,6,17,'goods_name_211',66,'2018-12-06 00:00:00',0.181457,1,'goods_describe_211'),(212,23,10,'goods_name_212',7,'2018-12-06 00:00:00',0.307928,1,'goods_describe_212'),(213,4,3,'goods_name_213',84,'2016-12-06 00:00:00',0.0233282,1,'goods_describe_213'),(214,18,16,'goods_name_214',51,'2016-12-06 00:00:00',0.00918198,1,'goods_describe_214'),(215,17,16,'goods_name_215',22,'2018-12-06 00:00:00',0.951453,1,'goods_describe_215'),(216,15,9,'goods_name_216',96,'2018-12-06 00:00:00',0.990755,1,'goods_describe_216'),(217,8,17,'goods_name_217',24,'2018-12-06 00:00:00',0.20494,1,'goods_describe_217'),(218,16,3,'goods_name_218',27,'2016-12-06 00:00:00',0.604093,1,'goods_describe_218'),(219,16,1,'goods_name_219',51,'2018-12-06 00:00:00',0.935652,1,'goods_describe_219'),(220,9,9,'goods_name_220',23,'2016-12-06 00:00:00',0.559567,1,'goods_describe_220'),(221,21,2,'goods_name_221',91,'2018-12-06 00:00:00',0.546866,1,'goods_describe_221'),(222,23,1,'goods_name_222',69,'2016-12-06 00:00:00',0.439128,1,'goods_describe_222'),(223,4,2,'goods_name_223',76,'2018-12-06 00:00:00',0.449752,1,'goods_describe_223'),(224,9,5,'goods_name_224',30,'2018-12-06 00:00:00',0.306805,1,'goods_describe_224'),(225,11,17,'goods_name_225',34,'2016-12-06 00:00:00',0.200814,1,'goods_describe_225'),(226,1,8,'goods_name_226',71,'2018-12-06 00:00:00',0.2158,1,'goods_describe_226'),(227,6,1,'goods_name_227',1,'2016-12-06 00:00:00',0.0498956,1,'goods_describe_227'),(228,7,19,'goods_name_228',81,'2016-12-06 00:00:00',0.209561,1,'goods_describe_228'),(229,14,20,'goods_name_229',100,'2018-12-06 00:00:00',0.574563,1,'goods_describe_229'),(230,13,2,'goods_name_230',20,'2018-12-06 00:00:00',0.91482,1,'goods_describe_230'),(231,20,18,'goods_name_231',55,'2016-12-06 00:00:00',0.41561,1,'goods_describe_231'),(232,13,9,'goods_name_232',63,'2018-12-06 00:00:00',0.654159,1,'goods_describe_232'),(233,5,11,'goods_name_233',97,'2018-12-06 00:00:00',0.355701,1,'goods_describe_233'),(234,14,17,'goods_name_234',30,'2016-12-06 00:00:00',0.586702,1,'goods_describe_234'),(235,6,19,'goods_name_235',97,'2018-12-06 00:00:00',0.391946,1,'goods_describe_235'),(236,1,8,'goods_name_236',9,'2018-12-06 00:00:00',0.0338502,1,'goods_describe_236'),(237,4,16,'goods_name_237',19,'2018-12-06 00:00:00',0.285516,1,'goods_describe_237'),(238,11,11,'goods_name_238',29,'2018-12-06 00:00:00',0.091604,1,'goods_describe_238'),(239,18,6,'goods_name_239',9,'2016-12-06 00:00:00',0.444385,1,'goods_describe_239'),(240,20,18,'goods_name_240',86,'2016-12-06 00:00:00',0.925937,1,'goods_describe_240'),(241,25,4,'goods_name_241',8,'2018-12-06 00:00:00',0.921284,1,'goods_describe_241'),(242,19,10,'goods_name_242',80,'2016-12-06 00:00:00',0.605927,1,'goods_describe_242'),(243,7,14,'goods_name_243',8,'2018-12-06 00:00:00',0.861146,1,'goods_describe_243'),(244,25,9,'goods_name_244',13,'2018-12-06 00:00:00',0.0147172,1,'goods_describe_244'),(245,20,5,'goods_name_245',77,'2016-12-06 00:00:00',0.686701,1,'goods_describe_245'),(246,15,16,'goods_name_246',47,'2016-12-06 00:00:00',0.844568,1,'goods_describe_246'),(247,4,9,'goods_name_247',13,'2016-12-06 00:00:00',0.129647,1,'goods_describe_247'),(248,6,18,'goods_name_248',66,'2018-12-06 00:00:00',0.059656,1,'goods_describe_248'),(249,12,10,'goods_name_249',73,'2016-12-06 00:00:00',0.0130721,1,'goods_describe_249'),(250,9,12,'goods_name_250',19,'2018-12-06 00:00:00',0.391159,1,'goods_describe_250'),(251,20,12,'goods_name_251',57,'2018-12-06 00:00:00',0.865676,1,'goods_describe_251'),(252,2,11,'goods_name_252',53,'2018-12-06 00:00:00',0.0150574,1,'goods_describe_252'),(253,10,4,'goods_name_253',27,'2016-12-06 00:00:00',0.924289,1,'goods_describe_253'),(254,5,16,'goods_name_254',31,'2016-12-06 00:00:00',0.886719,1,'goods_describe_254'),(255,17,20,'goods_name_255',85,'2016-12-06 00:00:00',0.662069,1,'goods_describe_255'),(256,25,14,'goods_name_256',10,'2018-12-06 00:00:00',0.654911,1,'goods_describe_256'),(257,13,16,'goods_name_257',3,'2018-12-06 00:00:00',0.0763399,1,'goods_describe_257'),(258,2,1,'goods_name_258',67,'2016-12-06 00:00:00',0.0929771,1,'goods_describe_258'),(259,19,6,'goods_name_259',12,'2016-12-06 00:00:00',0.00325213,1,'goods_describe_259'),(260,19,8,'goods_name_260',68,'2018-12-06 00:00:00',0.52667,1,'goods_describe_260'),(261,18,1,'goods_name_261',23,'2018-12-06 00:00:00',0.789756,1,'goods_describe_261'),(262,24,17,'goods_name_262',8,'2016-12-06 00:00:00',0.654019,1,'goods_describe_262'),(263,19,10,'goods_name_263',9,'2018-12-06 00:00:00',0.545893,1,'goods_describe_263'),(264,1,8,'goods_name_264',63,'2018-12-06 00:00:00',0.798389,1,'goods_describe_264'),(265,16,8,'goods_name_265',55,'2016-12-06 00:00:00',0.726753,1,'goods_describe_265'),(266,22,2,'goods_name_266',60,'2016-12-06 00:00:00',0.253315,1,'goods_describe_266'),(267,14,3,'goods_name_267',39,'2018-12-06 00:00:00',0.255246,1,'goods_describe_267'),(268,1,3,'goods_name_268',90,'2018-12-06 00:00:00',0.138354,1,'goods_describe_268'),(269,18,8,'goods_name_269',15,'2018-12-06 00:00:00',0.482949,1,'goods_describe_269'),(270,16,6,'goods_name_270',17,'2018-12-06 00:00:00',0.467587,1,'goods_describe_270'),(271,17,19,'goods_name_271',7,'2016-12-06 00:00:00',0.100876,1,'goods_describe_271'),(272,14,12,'goods_name_272',26,'2016-12-06 00:00:00',0.504214,1,'goods_describe_272'),(273,2,9,'goods_name_273',32,'2018-12-06 00:00:00',0.858395,1,'goods_describe_273'),(274,14,18,'goods_name_274',70,'2016-12-06 00:00:00',0.0100477,1,'goods_describe_274'),(275,17,13,'goods_name_275',92,'2018-12-06 00:00:00',0.82157,1,'goods_describe_275'),(276,21,7,'goods_name_276',87,'2016-12-06 00:00:00',0.964318,1,'goods_describe_276'),(277,24,15,'goods_name_277',86,'2016-12-06 00:00:00',0.0194594,1,'goods_describe_277'),(278,3,19,'goods_name_278',80,'2018-12-06 00:00:00',0.929619,1,'goods_describe_278'),(279,8,19,'goods_name_279',97,'2018-12-06 00:00:00',0.0630804,1,'goods_describe_279'),(280,5,6,'goods_name_280',63,'2018-12-06 00:00:00',0.0379622,1,'goods_describe_280'),(281,11,8,'goods_name_281',26,'2018-12-06 00:00:00',0.190257,1,'goods_describe_281'),(282,6,10,'goods_name_282',6,'2016-12-06 00:00:00',0.276666,1,'goods_describe_282'),(283,7,14,'goods_name_283',54,'2016-12-06 00:00:00',0.447314,1,'goods_describe_283'),(284,17,17,'goods_name_284',40,'2018-12-06 00:00:00',0.649382,1,'goods_describe_284'),(285,6,5,'goods_name_285',92,'2018-12-06 00:00:00',0.151123,1,'goods_describe_285'),(286,11,9,'goods_name_286',56,'2016-12-06 00:00:00',0.487155,1,'goods_describe_286'),(287,3,10,'goods_name_287',27,'2018-12-06 00:00:00',0.649658,1,'goods_describe_287'),(288,9,2,'goods_name_288',16,'2016-12-06 00:00:00',0.53428,1,'goods_describe_288'),(289,15,10,'goods_name_289',90,'2016-12-06 00:00:00',0.356802,1,'goods_describe_289'),(290,20,17,'goods_name_290',71,'2016-12-06 00:00:00',0.394116,1,'goods_describe_290'),(291,15,16,'goods_name_291',71,'2018-12-06 00:00:00',0.721992,1,'goods_describe_291'),(292,14,6,'goods_name_292',5,'2018-12-06 00:00:00',0.724702,1,'goods_describe_292'),(293,20,10,'goods_name_293',22,'2018-12-06 00:00:00',0.306141,1,'goods_describe_293'),(294,6,10,'goods_name_294',78,'2016-12-06 00:00:00',0.106581,1,'goods_describe_294'),(295,22,18,'goods_name_295',100,'2018-12-06 00:00:00',0.91078,1,'goods_describe_295'),(296,9,2,'goods_name_296',39,'2016-12-06 00:00:00',0.740914,1,'goods_describe_296'),(297,1,10,'goods_name_297',3,'2018-12-06 00:00:00',0.239058,1,'goods_describe_297'),(298,23,13,'goods_name_298',47,'2016-12-06 00:00:00',0.651344,1,'goods_describe_298'),(299,3,2,'goods_name_299',48,'2016-12-06 00:00:00',0.368411,1,'goods_describe_299'),(300,24,17,'goods_name_300',19,'2018-12-06 00:00:00',0.0261815,1,'goods_describe_300');
/*!40000 ALTER TABLE `goods` ENABLE KEYS */;
UNLOCK TABLES;
/*!50003 SET @saved_cs_client      = @@character_set_client */ ;
/*!50003 SET @saved_cs_results     = @@character_set_results */ ;
/*!50003 SET @saved_col_connection = @@collation_connection */ ;
/*!50003 SET character_set_client  = utf8 */ ;
/*!50003 SET character_set_results = utf8 */ ;
/*!50003 SET collation_connection  = utf8_general_ci */ ;
/*!50003 SET @saved_sql_mode       = @@sql_mode */ ;
/*!50003 SET sql_mode              = '' */ ;
DELIMITER ;;
/*!50003 CREATE*/ /*!50017 DEFINER=`root`@`localhost`*/ /*!50003 TRIGGER delete_goods
AFTER UPDATE ON goods
FOR EACH ROW
BEGIN
    if new.is_valid = false then
       update favorite_goods set is_valid = false where goods_id = new.goods_id ;
       update goods_attribute set is_valid = false where goods_id = new.goods_id ;
       update shopping_cart set is_valid = false where goods_id = new.goods_id;
       update goods_image set is_valid = false where goods_id = new.goods_id;
    end if;
 END */;;
DELIMITER ;
/*!50003 SET sql_mode              = @saved_sql_mode */ ;
/*!50003 SET character_set_client  = @saved_cs_client */ ;
/*!50003 SET character_set_results = @saved_cs_results */ ;
/*!50003 SET collation_connection  = @saved_col_connection */ ;

--
-- Table structure for table `goods_attribute`
--

DROP TABLE IF EXISTS `goods_attribute`;
/*!40101 SET @saved_cs_client     = @@character_set_client */;
/*!40101 SET character_set_client = utf8 */;
CREATE TABLE `goods_attribute` (
  `attribute_id` int(11) NOT NULL AUTO_INCREMENT,
  `attribute_value` varchar(90) COLLATE utf8mb4_unicode_ci NOT NULL,
  `goods_id` int(11) NOT NULL,
  `cost` double NOT NULL,
  `price` double NOT NULL,
  `inventory` int(11) DEFAULT '0',
  `is_valid` tinyint(1) NOT NULL DEFAULT '1',
  PRIMARY KEY (`attribute_id`),
  KEY `goods_id` (`goods_id`),
  CONSTRAINT `FK_attribute` FOREIGN KEY (`goods_id`) REFERENCES `goods` (`goods_id`) ON UPDATE CASCADE
) ENGINE=InnoDB AUTO_INCREMENT=1024 DEFAULT CHARSET=utf8mb4 COLLATE=utf8mb4_unicode_ci;
/*!40101 SET character_set_client = @saved_cs_client */;

--
-- Dumping data for table `goods_attribute`
--

LOCK TABLES `goods_attribute` WRITE;
/*!40000 ALTER TABLE `goods_attribute` DISABLE KEYS */;
INSERT INTO `goods_attribute` VALUES (1,'goods_attr_1',62,848,858,8,1),(2,'goods_attr_2',93,534,544,74,1),(3,'goods_attr_3',16,359,369,28,1),(4,'goods_attr_4',273,371,381,22,1),(5,'goods_attr_5',182,618,628,57,1),(6,'goods_attr_6',154,147,157,66,1),(7,'goods_attr_7',171,238,248,41,1),(8,'goods_attr_8',286,367,377,38,1),(9,'goods_attr_9',240,490,500,24,1),(10,'goods_attr_10',73,609,619,83,1),(11,'goods_attr_11',133,492,502,72,1),(12,'goods_attr_12',107,118,128,42,1),(13,'goods_attr_13',287,562,572,91,1),(14,'goods_attr_14',110,375,385,18,1),(15,'goods_attr_15',19,968,978,48,1),(16,'goods_attr_16',285,499,509,45,1),(17,'goods_attr_17',79,73,83,89,1),(18,'goods_attr_18',117,376,386,47,1),(19,'goods_attr_19',194,664,674,15,1),(20,'goods_attr_20',277,502,512,7,1),(21,'goods_attr_21',202,578,588,85,1),(22,'goods_attr_22',296,275,285,75,1),(23,'goods_attr_23',187,874,884,10,1),(24,'goods_attr_24',158,351,361,12,1),(25,'goods_attr_25',158,926,936,86,1),(26,'goods_attr_26',204,896,906,41,1),(27,'goods_attr_27',293,306,316,49,1),(28,'goods_attr_28',141,42,52,80,1),(29,'goods_attr_29',56,516,526,97,1),(30,'goods_attr_30',216,25,35,4,1),(31,'goods_attr_31',201,639,649,84,1),(32,'goods_attr_32',228,208,218,47,1),(33,'goods_attr_33',38,266,276,17,1),(34,'goods_attr_34',102,173,183,73,1),(35,'goods_attr_35',288,457,467,90,1),(36,'goods_attr_36',229,300,310,77,1),(37,'goods_attr_37',131,285,295,1,1),(38,'goods_attr_38',111,931,941,3,1),(39,'goods_attr_39',260,46,56,22,1),(40,'goods_attr_40',165,399,409,85,1),(41,'goods_attr_41',1,756,766,77,1),(42,'goods_attr_42',148,174,184,70,1),(43,'goods_attr_43',165,488,498,58,1),(44,'goods_attr_44',38,701,711,85,1),(45,'goods_attr_45',280,187,197,68,1),(46,'goods_attr_46',10,634,644,61,1),(47,'goods_attr_47',111,541,551,57,1),(48,'goods_attr_48',167,701,711,46,1),(49,'goods_attr_49',189,210,220,78,1),(50,'goods_attr_50',226,730,740,66,1),(51,'goods_attr_51',204,205,215,69,1),(52,'goods_attr_52',126,493,503,24,1),(53,'goods_attr_53',185,590,600,7,1),(54,'goods_attr_54',70,370,380,31,1),(55,'goods_attr_55',290,904,914,4,1),(56,'goods_attr_56',52,119,129,65,1),(57,'goods_attr_57',209,630,640,7,1),(58,'goods_attr_58',207,27,37,78,1),(59,'goods_attr_59',186,505,515,60,1),(60,'goods_attr_60',252,583,593,54,1),(61,'goods_attr_61',22,5,15,11,1),(62,'goods_attr_62',46,410,420,69,1),(63,'goods_attr_63',5,8,18,26,1),(64,'goods_attr_64',236,781,791,95,1),(65,'goods_attr_65',241,187,197,6,1),(66,'goods_attr_66',58,119,129,49,1),(67,'goods_attr_67',217,597,607,0,1),(68,'goods_attr_68',196,470,480,14,1),(69,'goods_attr_69',208,824,834,42,1),(70,'goods_attr_70',214,271,281,62,1),(71,'goods_attr_71',78,365,375,60,1),(72,'goods_attr_72',47,425,435,60,1),(73,'goods_attr_73',125,63,73,38,1),(74,'goods_attr_74',72,768,778,0,1),(75,'goods_attr_75',279,523,533,31,1),(76,'goods_attr_76',280,953,963,4,1),(77,'goods_attr_77',280,694,704,27,1),(78,'goods_attr_78',195,286,296,11,1),(79,'goods_attr_79',189,869,879,2,1),(80,'goods_attr_80',204,655,665,29,1),(81,'goods_attr_81',164,92,102,8,1),(82,'goods_attr_82',76,667,677,60,1),(83,'goods_attr_83',15,594,604,10,1),(84,'goods_attr_84',215,463,473,64,1),(85,'goods_attr_85',199,364,374,53,1),(86,'goods_attr_86',255,919,929,87,1),(87,'goods_attr_87',134,250,260,78,1),(88,'goods_attr_88',46,985,995,37,1),(89,'goods_attr_89',300,592,602,44,1),(90,'goods_attr_90',129,856,866,58,1),(91,'goods_attr_91',190,517,527,37,1),(92,'goods_attr_92',150,143,153,46,1),(93,'goods_attr_93',160,300,310,0,1),(94,'goods_attr_94',224,560,570,79,1),(95,'goods_attr_95',30,143,153,29,1),(96,'goods_attr_96',117,515,525,9,1),(97,'goods_attr_97',47,953,963,20,1),(98,'goods_attr_98',284,618,628,58,1),(99,'goods_attr_99',228,418,428,95,1),(100,'goods_attr_100',138,459,469,20,1),(101,'goods_attr_101',228,451,461,48,1),(102,'goods_attr_102',274,40,50,91,1),(103,'goods_attr_103',126,88,98,9,1),(104,'goods_attr_104',105,941,951,42,1),(105,'goods_attr_105',86,805,815,93,1),(106,'goods_attr_106',47,205,215,42,1),(107,'goods_attr_107',267,94,104,45,1),(108,'goods_attr_108',178,167,177,81,1),(109,'goods_attr_109',273,149,159,15,1),(110,'goods_attr_110',193,908,918,99,1),(111,'goods_attr_111',141,822,832,12,1),(112,'goods_attr_112',32,263,273,14,1),(113,'goods_attr_113',293,336,346,70,1),(114,'goods_attr_114',287,917,927,33,1),(115,'goods_attr_115',280,192,202,23,1),(116,'goods_attr_116',222,802,812,95,1),(117,'goods_attr_117',119,390,400,82,1),(118,'goods_attr_118',53,921,931,68,1),(119,'goods_attr_119',120,666,676,89,1),(120,'goods_attr_120',19,935,945,89,1),(121,'goods_attr_121',284,24,34,27,1),(122,'goods_attr_122',150,11,21,44,1),(123,'goods_attr_123',120,196,206,34,1),(124,'goods_attr_124',105,880,890,2,1),(125,'goods_attr_125',29,905,915,74,1),(126,'goods_attr_126',24,135,145,83,1),(127,'goods_attr_127',258,519,529,39,1),(128,'goods_attr_128',126,15,25,62,1),(129,'goods_attr_129',67,520,530,13,1),(130,'goods_attr_130',257,174,184,37,1),(131,'goods_attr_131',284,154,164,52,1),(132,'goods_attr_132',181,194,204,60,1),(133,'goods_attr_133',167,53,63,50,1),(134,'goods_attr_134',69,817,827,33,1),(135,'goods_attr_135',95,151,161,3,1),(136,'goods_attr_136',279,576,586,4,1),(137,'goods_attr_137',118,300,310,78,1),(138,'goods_attr_138',180,135,145,71,1),(139,'goods_attr_139',94,250,260,68,1),(140,'goods_attr_140',183,511,521,84,1),(141,'goods_attr_141',235,548,558,19,1),(142,'goods_attr_142',195,902,912,88,1),(143,'goods_attr_143',198,836,846,7,1),(144,'goods_attr_144',131,124,134,94,1),(145,'goods_attr_145',86,247,257,37,1),(146,'goods_attr_146',290,552,562,60,1),(147,'goods_attr_147',221,407,417,58,1),(148,'goods_attr_148',192,639,649,13,1),(149,'goods_attr_149',113,888,898,46,1),(150,'goods_attr_150',297,823,833,46,1),(151,'goods_attr_151',268,99,109,53,1),(152,'goods_attr_152',257,458,468,44,1),(153,'goods_attr_153',164,911,921,67,1),(154,'goods_attr_154',110,376,386,9,1),(155,'goods_attr_155',199,732,742,19,1),(156,'goods_attr_156',159,323,333,23,1),(157,'goods_attr_157',117,566,576,6,1),(158,'goods_attr_158',83,699,709,58,1),(159,'goods_attr_159',129,456,466,41,1),(160,'goods_attr_160',127,358,368,18,1),(161,'goods_attr_161',281,298,308,28,1),(162,'goods_attr_162',77,148,158,73,1),(163,'goods_attr_163',297,822,832,65,1),(164,'goods_attr_164',206,656,666,53,1),(165,'goods_attr_165',225,622,632,24,1),(166,'goods_attr_166',148,155,165,33,1),(167,'goods_attr_167',6,547,557,31,1),(168,'goods_attr_168',164,539,549,49,1),(169,'goods_attr_169',58,546,556,10,1),(170,'goods_attr_170',276,537,547,36,1),(171,'goods_attr_171',204,307,317,58,1),(172,'goods_attr_172',130,122,132,47,1),(173,'goods_attr_173',195,603,613,93,1),(174,'goods_attr_174',100,308,318,54,1),(175,'goods_attr_175',277,79,89,24,1),(176,'goods_attr_176',210,444,454,45,1),(177,'goods_attr_177',293,395,405,25,1),(178,'goods_attr_178',42,619,629,21,1),(179,'goods_attr_179',104,196,206,51,1),(180,'goods_attr_180',292,13,23,9,1),(181,'goods_attr_181',250,613,623,94,1),(182,'goods_attr_182',298,97,107,11,1),(183,'goods_attr_183',91,641,651,53,1),(184,'goods_attr_184',197,721,731,42,1),(185,'goods_attr_185',73,870,880,89,1),(186,'goods_attr_186',219,820,830,7,1),(187,'goods_attr_187',244,895,905,77,1),(188,'goods_attr_188',17,662,672,53,1),(189,'goods_attr_189',168,539,549,92,1),(190,'goods_attr_190',29,264,274,40,1),(191,'goods_attr_191',224,634,644,15,1),(192,'goods_attr_192',235,665,675,45,1),(193,'goods_attr_193',140,788,798,5,1),(194,'goods_attr_194',235,264,274,10,1),(195,'goods_attr_195',124,748,758,15,1),(196,'goods_attr_196',83,303,313,0,1),(197,'goods_attr_197',261,644,654,94,1),(198,'goods_attr_198',114,758,768,32,1),(199,'goods_attr_199',158,903,913,11,1),(200,'goods_attr_200',150,345,355,94,1),(201,'goods_attr_201',117,901,911,20,1),(202,'goods_attr_202',262,600,610,95,1),(203,'goods_attr_203',167,563,573,20,1),(204,'goods_attr_204',78,112,122,86,1),(205,'goods_attr_205',145,556,566,49,1),(206,'goods_attr_206',46,413,423,84,1),(207,'goods_attr_207',92,128,138,37,1),(208,'goods_attr_208',225,376,386,85,1),(209,'goods_attr_209',288,934,944,49,1),(210,'goods_attr_210',282,0,10,80,1),(211,'goods_attr_211',54,303,313,91,1),(212,'goods_attr_212',102,458,468,26,1),(213,'goods_attr_213',174,281,291,47,1),(214,'goods_attr_214',60,134,144,11,1),(215,'goods_attr_215',9,19,29,10,1),(216,'goods_attr_216',145,962,972,31,1),(217,'goods_attr_217',34,69,79,87,1),(218,'goods_attr_218',219,233,243,55,1),(219,'goods_attr_219',168,554,564,88,1),(220,'goods_attr_220',100,853,863,78,1),(221,'goods_attr_221',292,116,126,69,1),(222,'goods_attr_222',170,692,702,28,1),(223,'goods_attr_223',269,251,261,97,1),(224,'goods_attr_224',180,580,590,84,1),(225,'goods_attr_225',190,383,393,0,1),(226,'goods_attr_226',174,407,417,60,1),(227,'goods_attr_227',213,957,967,18,1),(228,'goods_attr_228',21,396,406,19,1),(229,'goods_attr_229',9,483,493,96,1),(230,'goods_attr_230',140,558,568,60,1),(231,'goods_attr_231',261,968,978,6,1),(232,'goods_attr_232',190,896,906,10,1),(233,'goods_attr_233',239,100,110,14,1),(234,'goods_attr_234',275,704,714,92,1),(235,'goods_attr_235',75,260,270,81,1),(236,'goods_attr_236',187,606,616,30,1),(237,'goods_attr_237',57,312,322,76,1),(238,'goods_attr_238',128,68,78,4,1),(239,'goods_attr_239',76,407,417,2,1),(240,'goods_attr_240',137,827,837,19,1),(241,'goods_attr_241',95,484,494,36,1),(242,'goods_attr_242',5,243,253,44,1),(243,'goods_attr_243',20,282,292,73,1),(244,'goods_attr_244',64,320,330,22,1),(245,'goods_attr_245',197,54,64,51,1),(246,'goods_attr_246',179,939,949,21,1),(247,'goods_attr_247',156,941,951,64,1),(248,'goods_attr_248',212,409,419,71,1),(249,'goods_attr_249',214,733,743,99,1),(250,'goods_attr_250',133,748,758,87,1),(251,'goods_attr_251',122,747,757,14,1),(252,'goods_attr_252',66,128,138,1,1),(253,'goods_attr_253',292,19,29,30,1),(254,'goods_attr_254',166,954,964,96,1),(255,'goods_attr_255',117,516,526,37,1),(256,'goods_attr_256',190,524,534,3,1),(257,'goods_attr_257',206,949,959,8,1),(258,'goods_attr_258',78,187,197,22,1),(259,'goods_attr_259',229,633,643,15,1),(260,'goods_attr_260',16,772,782,83,1),(261,'goods_attr_261',230,163,173,88,1),(262,'goods_attr_262',283,930,940,39,1),(263,'goods_attr_263',13,816,826,94,1),(264,'goods_attr_264',10,76,86,21,1),(265,'goods_attr_265',247,413,423,62,1),(266,'goods_attr_266',2,372,382,0,1),(267,'goods_attr_267',63,276,286,68,1),(268,'goods_attr_268',237,158,168,43,1),(269,'goods_attr_269',104,803,813,29,1),(270,'goods_attr_270',287,902,912,80,1),(271,'goods_attr_271',127,2,12,15,1),(272,'goods_attr_272',266,304,314,72,1),(273,'goods_attr_273',161,334,344,46,1),(274,'goods_attr_274',182,95,105,63,1),(275,'goods_attr_275',144,624,634,45,1),(276,'goods_attr_276',296,259,269,96,1),(277,'goods_attr_277',164,938,948,89,1),(278,'goods_attr_278',59,44,54,35,1),(279,'goods_attr_279',88,983,993,10,1),(280,'goods_attr_280',268,492,502,65,1),(281,'goods_attr_281',184,38,48,83,1),(282,'goods_attr_282',8,86,96,34,1),(283,'goods_attr_283',54,766,776,15,1),(284,'goods_attr_284',117,816,826,9,1),(285,'goods_attr_285',62,473,483,64,1),(286,'goods_attr_286',111,971,981,69,1),(287,'goods_attr_287',100,838,848,24,1),(288,'goods_attr_288',235,459,469,44,1),(289,'goods_attr_289',97,23,33,1,1),(290,'goods_attr_290',162,161,171,60,1),(291,'goods_attr_291',197,367,377,58,1),(292,'goods_attr_292',131,803,813,31,1),(293,'goods_attr_293',298,402,412,21,1),(294,'goods_attr_294',60,698,708,23,1),(295,'goods_attr_295',76,206,216,6,1),(296,'goods_attr_296',46,619,629,84,1),(297,'goods_attr_297',270,312,322,10,1),(298,'goods_attr_298',66,279,289,0,1),(299,'goods_attr_299',167,397,407,0,1),(300,'goods_attr_300',128,470,480,35,1),(301,'goods_attr_301',38,401,411,42,1),(302,'goods_attr_302',169,192,202,32,1),(303,'goods_attr_303',42,584,594,29,1),(304,'goods_attr_304',65,195,205,31,1),(305,'goods_attr_305',171,836,846,49,1),(306,'goods_attr_306',8,852,862,81,1),(307,'goods_attr_307',118,66,76,22,1),(308,'goods_attr_308',118,852,862,15,1),(309,'goods_attr_309',118,258,268,93,1),(310,'goods_attr_310',206,265,275,68,1),(311,'goods_attr_311',48,87,97,55,1),(312,'goods_attr_312',233,761,771,91,1),(313,'goods_attr_313',62,93,103,56,1),(314,'goods_attr_314',46,568,578,71,1),(315,'goods_attr_315',195,284,294,45,1),(316,'goods_attr_316',128,153,163,95,1),(317,'goods_attr_317',203,427,437,89,1),(318,'goods_attr_318',218,664,674,5,1),(319,'goods_attr_319',211,45,55,86,1),(320,'goods_attr_320',31,589,599,85,1),(321,'goods_attr_321',87,180,190,64,1),(322,'goods_attr_322',78,184,194,80,1),(323,'goods_attr_323',186,404,414,64,1),(324,'goods_attr_324',110,961,971,42,1),(325,'goods_attr_325',155,556,566,37,1),(326,'goods_attr_326',202,113,123,2,1),(327,'goods_attr_327',192,531,541,26,1),(328,'goods_attr_328',249,844,854,67,1),(329,'goods_attr_329',87,51,61,26,1),(330,'goods_attr_330',172,548,558,7,1),(331,'goods_attr_331',188,806,816,92,1),(332,'goods_attr_332',68,947,957,29,1),(333,'goods_attr_333',33,164,174,46,1),(334,'goods_attr_334',227,41,51,77,1),(335,'goods_attr_335',64,928,938,4,1),(336,'goods_attr_336',118,227,237,26,1),(337,'goods_attr_337',44,946,956,28,1),(338,'goods_attr_338',12,715,725,31,1),(339,'goods_attr_339',190,387,397,4,1),(340,'goods_attr_340',97,938,948,87,1),(341,'goods_attr_341',42,354,364,52,1),(342,'goods_attr_342',71,441,451,4,1),(343,'goods_attr_343',118,241,251,84,1),(344,'goods_attr_344',47,567,577,2,1),(345,'goods_attr_345',151,426,436,29,1),(346,'goods_attr_346',130,663,673,63,1),(347,'goods_attr_347',58,590,600,98,1),(348,'goods_attr_348',189,195,205,76,1),(349,'goods_attr_349',193,581,591,54,1),(350,'goods_attr_350',32,513,523,18,1),(351,'goods_attr_351',285,298,308,5,1),(352,'goods_attr_352',241,399,409,80,1),(353,'goods_attr_353',277,438,448,23,1),(354,'goods_attr_354',32,381,391,49,1),(355,'goods_attr_355',161,347,357,2,1),(356,'goods_attr_356',76,174,184,71,1),(357,'goods_attr_357',174,975,985,57,1),(358,'goods_attr_358',202,3,13,38,1),(359,'goods_attr_359',56,538,548,31,1),(360,'goods_attr_360',174,632,642,13,1),(361,'goods_attr_361',180,835,845,91,1),(362,'goods_attr_362',260,391,401,63,1),(363,'goods_attr_363',183,248,258,5,1),(364,'goods_attr_364',85,851,861,16,1),(365,'goods_attr_365',87,681,691,73,1),(366,'goods_attr_366',110,666,676,84,1),(367,'goods_attr_367',219,33,43,73,1),(368,'goods_attr_368',158,448,458,70,1),(369,'goods_attr_369',289,907,917,8,1),(370,'goods_attr_370',202,519,529,39,1),(371,'goods_attr_371',45,657,667,53,1),(372,'goods_attr_372',160,678,688,51,1),(373,'goods_attr_373',265,305,315,93,1),(374,'goods_attr_374',33,215,225,59,1),(375,'goods_attr_375',58,977,987,9,1),(376,'goods_attr_376',243,738,748,19,1),(377,'goods_attr_377',116,878,888,56,1),(378,'goods_attr_378',138,272,282,67,1),(379,'goods_attr_379',147,550,560,32,1),(380,'goods_attr_380',86,577,587,52,1),(381,'goods_attr_381',91,23,33,45,1),(382,'goods_attr_382',42,185,195,70,1),(383,'goods_attr_383',87,465,475,6,1),(384,'goods_attr_384',46,19,29,76,1),(385,'goods_attr_385',107,229,239,79,1),(386,'goods_attr_386',78,878,888,72,1),(387,'goods_attr_387',87,706,716,74,1),(388,'goods_attr_388',254,126,136,47,1),(389,'goods_attr_389',38,141,151,77,1),(390,'goods_attr_390',290,726,736,47,1),(391,'goods_attr_391',88,79,89,70,1),(392,'goods_attr_392',210,190,200,38,1),(393,'goods_attr_393',16,451,461,17,1),(394,'goods_attr_394',92,111,121,12,1),(395,'goods_attr_395',223,739,749,40,1),(396,'goods_attr_396',247,739,749,26,1),(397,'goods_attr_397',222,57,67,5,1),(398,'goods_attr_398',169,882,892,0,1),(399,'goods_attr_399',299,509,519,84,1),(400,'goods_attr_400',246,718,728,14,1),(401,'goods_attr_401',17,594,604,81,1),(402,'goods_attr_402',7,949,959,38,1),(403,'goods_attr_403',76,27,37,88,1),(404,'goods_attr_404',188,568,578,24,1),(405,'goods_attr_405',129,789,799,57,1),(406,'goods_attr_406',255,670,680,97,1),(407,'goods_attr_407',12,104,114,67,1),(408,'goods_attr_408',12,814,824,22,1),(409,'goods_attr_409',248,231,241,83,1),(410,'goods_attr_410',214,184,194,82,1),(411,'goods_attr_411',295,688,698,22,1),(412,'goods_attr_412',85,50,60,1,1),(413,'goods_attr_413',173,609,619,37,1),(414,'goods_attr_414',97,114,124,92,1),(415,'goods_attr_415',255,302,312,38,1),(416,'goods_attr_416',152,839,849,59,1),(417,'goods_attr_417',271,887,897,27,1),(418,'goods_attr_418',294,871,881,67,1),(419,'goods_attr_419',29,638,648,28,1),(420,'goods_attr_420',11,327,337,35,1),(421,'goods_attr_421',85,104,114,92,1),(422,'goods_attr_422',286,608,618,64,1),(423,'goods_attr_423',275,907,917,43,1),(424,'goods_attr_424',67,14,24,48,1),(425,'goods_attr_425',158,477,487,41,1),(426,'goods_attr_426',169,474,484,62,1),(427,'goods_attr_427',296,26,36,41,1),(428,'goods_attr_428',16,909,919,80,1),(429,'goods_attr_429',44,726,736,82,1),(430,'goods_attr_430',132,985,995,83,1),(431,'goods_attr_431',224,127,137,98,1),(432,'goods_attr_432',140,461,471,60,1),(433,'goods_attr_433',83,222,232,6,1),(434,'goods_attr_434',232,871,881,24,1),(435,'goods_attr_435',225,699,709,91,1),(436,'goods_attr_436',88,775,785,64,1),(437,'goods_attr_437',229,926,936,89,1),(438,'goods_attr_438',61,821,831,36,1),(439,'goods_attr_439',143,992,1002,76,1),(440,'goods_attr_440',279,109,119,96,1),(441,'goods_attr_441',277,355,365,79,1),(442,'goods_attr_442',237,420,430,47,1),(443,'goods_attr_443',295,74,84,52,1),(444,'goods_attr_444',220,924,934,31,1),(445,'goods_attr_445',263,526,536,77,1),(446,'goods_attr_446',28,181,191,32,1),(447,'goods_attr_447',69,446,456,56,1),(448,'goods_attr_448',5,210,220,27,1),(449,'goods_attr_449',233,346,356,65,1),(450,'goods_attr_450',181,210,220,46,1),(451,'goods_attr_451',161,849,859,11,1),(452,'goods_attr_452',60,931,941,50,1),(453,'goods_attr_453',112,220,230,29,1),(454,'goods_attr_454',95,905,915,43,1),(455,'goods_attr_455',25,720,730,39,1),(456,'goods_attr_456',57,860,870,60,1),(457,'goods_attr_457',165,801,811,68,1),(458,'goods_attr_458',44,569,579,9,1),(459,'goods_attr_459',61,792,802,58,1),(460,'goods_attr_460',260,916,926,53,1),(461,'goods_attr_461',223,366,376,27,1),(462,'goods_attr_462',225,548,558,29,1),(463,'goods_attr_463',55,925,935,19,1),(464,'goods_attr_464',250,158,168,4,1),(465,'goods_attr_465',141,117,127,60,1),(466,'goods_attr_466',202,222,232,79,1),(467,'goods_attr_467',270,967,977,76,1),(468,'goods_attr_468',131,280,290,42,1),(469,'goods_attr_469',41,982,992,63,1),(470,'goods_attr_470',195,67,77,17,1),(471,'goods_attr_471',74,81,91,51,1),(472,'goods_attr_472',203,942,952,97,1),(473,'goods_attr_473',74,792,802,2,1),(474,'goods_attr_474',179,703,713,22,1),(475,'goods_attr_475',239,601,611,36,1),(476,'goods_attr_476',218,450,460,23,1),(477,'goods_attr_477',247,432,442,70,1),(478,'goods_attr_478',41,712,722,33,1),(479,'goods_attr_479',204,219,229,40,1),(480,'goods_attr_480',121,581,591,60,1),(481,'goods_attr_481',24,446,456,38,1),(482,'goods_attr_482',21,945,955,39,1),(483,'goods_attr_483',275,449,459,16,1),(484,'goods_attr_484',297,177,187,47,1),(485,'goods_attr_485',286,754,764,27,1),(486,'goods_attr_486',161,340,350,99,1),(487,'goods_attr_487',31,75,85,73,1),(488,'goods_attr_488',216,762,772,68,1),(489,'goods_attr_489',57,691,701,93,1),(490,'goods_attr_490',69,374,384,11,1),(491,'goods_attr_491',159,726,736,23,1),(492,'goods_attr_492',250,117,127,8,1),(493,'goods_attr_493',266,92,102,99,1),(494,'goods_attr_494',13,17,27,64,1),(495,'goods_attr_495',92,329,339,54,1),(496,'goods_attr_496',44,866,876,87,1),(497,'goods_attr_497',17,570,580,38,1),(498,'goods_attr_498',137,127,137,34,1),(499,'goods_attr_499',182,817,827,23,1),(500,'goods_attr_500',194,343,353,15,1),(501,'goods_attr_501',117,771,781,79,1),(502,'goods_attr_502',78,902,912,67,1),(503,'goods_attr_503',277,400,410,28,1),(504,'goods_attr_504',241,617,627,63,1),(505,'goods_attr_505',148,978,988,98,1),(506,'goods_attr_506',235,802,812,67,1),(507,'goods_attr_507',225,260,270,95,1),(508,'goods_attr_508',260,502,512,58,1),(509,'goods_attr_509',235,960,970,84,1),(510,'goods_attr_510',250,137,147,18,1),(511,'goods_attr_511',281,49,59,72,1),(512,'goods_attr_512',1,705,715,84,1),(513,'goods_attr_513',81,210,220,46,1),(514,'goods_attr_514',196,293,303,74,1),(515,'goods_attr_515',94,849,859,66,1),(516,'goods_attr_516',61,355,365,97,1),(517,'goods_attr_517',9,431,441,24,1),(518,'goods_attr_518',267,589,599,18,1),(519,'goods_attr_519',203,594,604,49,1),(520,'goods_attr_520',173,138,148,13,1),(521,'goods_attr_521',245,313,323,70,1),(522,'goods_attr_522',29,847,857,95,1),(523,'goods_attr_523',128,139,149,50,1),(524,'goods_attr_524',154,717,727,81,1),(525,'goods_attr_525',120,319,329,4,1),(526,'goods_attr_526',169,835,845,27,1),(527,'goods_attr_527',45,573,583,36,1),(528,'goods_attr_528',64,102,112,69,1),(529,'goods_attr_529',165,549,559,14,1),(530,'goods_attr_530',230,733,743,92,1),(531,'goods_attr_531',152,716,726,20,1),(532,'goods_attr_532',99,988,998,80,1),(533,'goods_attr_533',149,453,463,92,1),(534,'goods_attr_534',30,511,521,84,1),(535,'goods_attr_535',87,499,509,71,1),(536,'goods_attr_536',166,115,125,3,1),(537,'goods_attr_537',254,443,453,96,1),(538,'goods_attr_538',275,181,191,49,1),(539,'goods_attr_539',189,551,561,72,1),(540,'goods_attr_540',282,796,806,45,1),(541,'goods_attr_541',254,491,501,42,1),(542,'goods_attr_542',86,403,413,83,1),(543,'goods_attr_543',78,520,530,57,1),(544,'goods_attr_544',62,770,780,5,1),(545,'goods_attr_545',285,168,178,59,1),(546,'goods_attr_546',188,561,571,31,1),(547,'goods_attr_547',237,588,598,24,1),(548,'goods_attr_548',138,836,846,10,1),(549,'goods_attr_549',211,177,187,10,1),(550,'goods_attr_550',108,924,934,27,1),(551,'goods_attr_551',3,654,664,72,1),(552,'goods_attr_552',138,680,690,69,1),(553,'goods_attr_553',295,132,142,64,1),(554,'goods_attr_554',53,585,595,7,1),(555,'goods_attr_555',112,758,768,32,1),(556,'goods_attr_556',95,970,980,95,1),(557,'goods_attr_557',120,495,505,75,1),(558,'goods_attr_558',230,188,198,8,1),(559,'goods_attr_559',292,869,879,68,1),(560,'goods_attr_560',119,807,817,64,1),(561,'goods_attr_561',292,17,27,45,1),(562,'goods_attr_562',113,652,662,79,1),(563,'goods_attr_563',177,703,713,50,1),(564,'goods_attr_564',84,622,632,98,1),(565,'goods_attr_565',269,360,370,59,1),(566,'goods_attr_566',216,978,988,4,1),(567,'goods_attr_567',144,750,760,40,1),(568,'goods_attr_568',4,680,690,61,1),(569,'goods_attr_569',72,388,398,19,1),(570,'goods_attr_570',288,425,435,39,1),(571,'goods_attr_571',33,871,881,18,1),(572,'goods_attr_572',264,374,384,48,1),(573,'goods_attr_573',114,618,628,67,1),(574,'goods_attr_574',64,843,853,80,1),(575,'goods_attr_575',123,102,112,46,1),(576,'goods_attr_576',79,562,572,74,1),(577,'goods_attr_577',120,224,234,97,1),(578,'goods_attr_578',233,955,965,39,1),(579,'goods_attr_579',152,32,42,14,1),(580,'goods_attr_580',243,194,204,81,1),(581,'goods_attr_581',13,802,812,18,1),(582,'goods_attr_582',13,233,243,98,1),(583,'goods_attr_583',80,445,455,90,1),(584,'goods_attr_584',13,11,21,58,1),(585,'goods_attr_585',111,513,523,13,1),(586,'goods_attr_586',185,276,286,85,1),(587,'goods_attr_587',83,424,434,76,1),(588,'goods_attr_588',274,736,746,10,1),(589,'goods_attr_589',141,401,411,47,1),(590,'goods_attr_590',274,7,17,56,1),(591,'goods_attr_591',192,361,371,53,1),(592,'goods_attr_592',42,482,492,86,1),(593,'goods_attr_593',132,740,750,82,1),(594,'goods_attr_594',142,560,570,44,1),(595,'goods_attr_595',155,563,573,70,1),(596,'goods_attr_596',192,829,839,70,1),(597,'goods_attr_597',220,57,67,48,1),(598,'goods_attr_598',30,559,569,98,1),(599,'goods_attr_599',278,174,184,79,1),(600,'goods_attr_600',186,288,298,16,1);
/*!40000 ALTER TABLE `goods_attribute` ENABLE KEYS */;
UNLOCK TABLES;

--
-- Table structure for table `goods_image`
--

DROP TABLE IF EXISTS `goods_image`;
/*!40101 SET @saved_cs_client     = @@character_set_client */;
/*!40101 SET character_set_client = utf8 */;
CREATE TABLE `goods_image` (
  `image_id` int(11) NOT NULL AUTO_INCREMENT,
  `goods_id` int(11) NOT NULL,
  `image_addr` varchar(50) COLLATE utf8mb4_unicode_ci NOT NULL,
  `is_valid` tinyint(1) NOT NULL DEFAULT '1',
  PRIMARY KEY (`image_id`),
  KEY `goods_id` (`goods_id`),
  CONSTRAINT `FK_goods_image` FOREIGN KEY (`goods_id`) REFERENCES `goods` (`goods_id`) ON UPDATE CASCADE
) ENGINE=InnoDB AUTO_INCREMENT=1024 DEFAULT CHARSET=utf8mb4 COLLATE=utf8mb4_unicode_ci;
/*!40101 SET character_set_client = @saved_cs_client */;

--
-- Dumping data for table `goods_image`
--

LOCK TABLES `goods_image` WRITE;
/*!40000 ALTER TABLE `goods_image` DISABLE KEYS */;
INSERT INTO `goods_image` VALUES (1,141,'image_addr_1',1),(2,138,'image_addr_2',1),(3,269,'image_addr_3',1),(4,17,'image_addr_4',1),(5,167,'image_addr_5',1),(6,50,'image_addr_6',1),(7,297,'image_addr_7',1),(8,122,'image_addr_8',1),(9,149,'image_addr_9',1),(10,6,'image_addr_10',1),(11,70,'image_addr_11',1),(12,67,'image_addr_12',1),(13,197,'image_addr_13',1),(14,152,'image_addr_14',1),(15,278,'image_addr_15',1),(16,176,'image_addr_16',1),(17,206,'image_addr_17',1),(18,27,'image_addr_18',1),(19,154,'image_addr_19',1),(20,31,'image_addr_20',1),(21,273,'image_addr_21',1),(22,126,'image_addr_22',1),(23,230,'image_addr_23',1),(24,89,'image_addr_24',1),(25,173,'image_addr_25',1),(26,44,'image_addr_26',1),(27,19,'image_addr_27',1),(28,177,'image_addr_28',1),(29,162,'image_addr_29',1),(30,187,'image_addr_30',1),(31,127,'image_addr_31',1),(32,2,'image_addr_32',1),(33,24,'image_addr_33',1),(34,95,'image_addr_34',1),(35,71,'image_addr_35',1),(36,190,'image_addr_36',1),(37,197,'image_addr_37',1),(38,119,'image_addr_38',1),(39,63,'image_addr_39',1),(40,97,'image_addr_40',1),(41,125,'image_addr_41',1),(42,133,'image_addr_42',1),(43,164,'image_addr_43',1),(44,21,'image_addr_44',1),(45,36,'image_addr_45',1),(46,141,'image_addr_46',1),(47,248,'image_addr_47',1),(48,293,'image_addr_48',1),(49,219,'image_addr_49',1),(50,101,'image_addr_50',1),(51,23,'image_addr_51',1),(52,244,'image_addr_52',1),(53,226,'image_addr_53',1),(54,5,'image_addr_54',1),(55,84,'image_addr_55',1),(56,151,'image_addr_56',1),(57,48,'image_addr_57',1),(58,102,'image_addr_58',1),(59,79,'image_addr_59',1),(60,209,'image_addr_60',1),(61,288,'image_addr_61',1),(62,205,'image_addr_62',1),(63,263,'image_addr_63',1),(64,63,'image_addr_64',1),(65,52,'image_addr_65',1),(66,33,'image_addr_66',1),(67,252,'image_addr_67',1),(68,248,'image_addr_68',1),(69,203,'image_addr_69',1),(70,67,'image_addr_70',1),(71,44,'image_addr_71',1),(72,27,'image_addr_72',1),(73,251,'image_addr_73',1),(74,259,'image_addr_74',1),(75,99,'image_addr_75',1),(76,38,'image_addr_76',1),(77,151,'image_addr_77',1),(78,99,'image_addr_78',1),(79,30,'image_addr_79',1),(80,70,'image_addr_80',1),(81,199,'image_addr_81',1),(82,105,'image_addr_82',1),(83,13,'image_addr_83',1),(84,177,'image_addr_84',1),(85,109,'image_addr_85',1),(86,148,'image_addr_86',1),(87,79,'image_addr_87',1),(88,156,'image_addr_88',1),(89,250,'image_addr_89',1),(90,209,'image_addr_90',1),(91,64,'image_addr_91',1),(92,237,'image_addr_92',1),(93,165,'image_addr_93',1),(94,78,'image_addr_94',1),(95,52,'image_addr_95',1),(96,216,'image_addr_96',1),(97,110,'image_addr_97',1),(98,55,'image_addr_98',1),(99,215,'image_addr_99',1),(100,13,'image_addr_100',1),(101,121,'image_addr_101',1),(102,11,'image_addr_102',1),(103,91,'image_addr_103',1),(104,71,'image_addr_104',1),(105,269,'image_addr_105',1),(106,242,'image_addr_106',1),(107,108,'image_addr_107',1),(108,172,'image_addr_108',1),(109,40,'image_addr_109',1),(110,190,'image_addr_110',1),(111,241,'image_addr_111',1),(112,290,'image_addr_112',1),(113,294,'image_addr_113',1),(114,5,'image_addr_114',1),(115,218,'image_addr_115',1),(116,154,'image_addr_116',1),(117,152,'image_addr_117',1),(118,48,'image_addr_118',1),(119,9,'image_addr_119',1),(120,153,'image_addr_120',1),(121,256,'image_addr_121',1),(122,124,'image_addr_122',1),(123,142,'image_addr_123',1),(124,173,'image_addr_124',1),(125,202,'image_addr_125',1),(126,193,'image_addr_126',1),(127,140,'image_addr_127',1),(128,63,'image_addr_128',1),(129,247,'image_addr_129',1),(130,55,'image_addr_130',1),(131,127,'image_addr_131',1),(132,120,'image_addr_132',1),(133,117,'image_addr_133',1),(134,270,'image_addr_134',1),(135,190,'image_addr_135',1),(136,85,'image_addr_136',1),(137,211,'image_addr_137',1),(138,50,'image_addr_138',1),(139,256,'image_addr_139',1),(140,2,'image_addr_140',1),(141,291,'image_addr_141',1),(142,248,'image_addr_142',1),(143,43,'image_addr_143',1),(144,284,'image_addr_144',1),(145,4,'image_addr_145',1),(146,13,'image_addr_146',1),(147,189,'image_addr_147',1),(148,208,'image_addr_148',1),(149,112,'image_addr_149',1),(150,197,'image_addr_150',1),(151,112,'image_addr_151',1),(152,120,'image_addr_152',1),(153,72,'image_addr_153',1),(154,253,'image_addr_154',1),(155,292,'image_addr_155',1),(156,25,'image_addr_156',1),(157,197,'image_addr_157',1),(158,131,'image_addr_158',1),(159,88,'image_addr_159',1),(160,144,'image_addr_160',1),(161,237,'image_addr_161',1),(162,266,'image_addr_162',1),(163,263,'image_addr_163',1),(164,53,'image_addr_164',1),(165,235,'image_addr_165',1),(166,204,'image_addr_166',1),(167,190,'image_addr_167',1),(168,197,'image_addr_168',1),(169,5,'image_addr_169',1),(170,197,'image_addr_170',1),(171,198,'image_addr_171',1),(172,295,'image_addr_172',1),(173,197,'image_addr_173',1),(174,293,'image_addr_174',1),(175,30,'image_addr_175',1),(176,200,'image_addr_176',1),(177,57,'image_addr_177',1),(178,218,'image_addr_178',1),(179,159,'image_addr_179',1),(180,168,'image_addr_180',1),(181,166,'image_addr_181',1),(182,23,'image_addr_182',1),(183,287,'image_addr_183',1),(184,238,'image_addr_184',1),(185,275,'image_addr_185',1),(186,278,'image_addr_186',1),(187,262,'image_addr_187',1),(188,172,'image_addr_188',1),(189,109,'image_addr_189',1),(190,101,'image_addr_190',1),(191,67,'image_addr_191',1),(192,97,'image_addr_192',1),(193,67,'image_addr_193',1),(194,81,'image_addr_194',1),(195,150,'image_addr_195',1),(196,1,'image_addr_196',1),(197,36,'image_addr_197',1),(198,39,'image_addr_198',1),(199,198,'image_addr_199',1),(200,41,'image_addr_200',1),(201,235,'image_addr_201',1),(202,147,'image_addr_202',1),(203,87,'image_addr_203',1),(204,131,'image_addr_204',1),(205,191,'image_addr_205',1),(206,117,'image_addr_206',1),(207,83,'image_addr_207',1),(208,247,'image_addr_208',1),(209,86,'image_addr_209',1),(210,293,'image_addr_210',1),(211,115,'image_addr_211',1),(212,252,'image_addr_212',1),(213,15,'image_addr_213',1),(214,153,'image_addr_214',1),(215,241,'image_addr_215',1),(216,42,'image_addr_216',1),(217,131,'image_addr_217',1),(218,254,'image_addr_218',1),(219,265,'image_addr_219',1),(220,291,'image_addr_220',1),(221,55,'image_addr_221',1),(222,31,'image_addr_222',1),(223,87,'image_addr_223',1),(224,173,'image_addr_224',1),(225,163,'image_addr_225',1),(226,288,'image_addr_226',1),(227,173,'image_addr_227',1),(228,198,'image_addr_228',1),(229,26,'image_addr_229',1),(230,122,'image_addr_230',1),(231,290,'image_addr_231',1),(232,261,'image_addr_232',1),(233,21,'image_addr_233',1),(234,77,'image_addr_234',1),(235,143,'image_addr_235',1),(236,211,'image_addr_236',1),(237,193,'image_addr_237',1),(238,225,'image_addr_238',1),(239,210,'image_addr_239',1),(240,30,'image_addr_240',1),(241,270,'image_addr_241',1),(242,76,'image_addr_242',1),(243,281,'image_addr_243',1),(244,284,'image_addr_244',1),(245,228,'image_addr_245',1),(246,221,'image_addr_246',1),(247,25,'image_addr_247',1),(248,110,'image_addr_248',1),(249,175,'image_addr_249',1),(250,289,'image_addr_250',1),(251,100,'image_addr_251',1),(252,281,'image_addr_252',1),(253,71,'image_addr_253',1),(254,239,'image_addr_254',1),(255,153,'image_addr_255',1),(256,233,'image_addr_256',1),(257,226,'image_addr_257',1),(258,77,'image_addr_258',1),(259,183,'image_addr_259',1),(260,252,'image_addr_260',1),(261,199,'image_addr_261',1),(262,172,'image_addr_262',1),(263,264,'image_addr_263',1),(264,271,'image_addr_264',1),(265,248,'image_addr_265',1),(266,158,'image_addr_266',1),(267,233,'image_addr_267',1),(268,192,'image_addr_268',1),(269,135,'image_addr_269',1),(270,142,'image_addr_270',1),(271,222,'image_addr_271',1),(272,104,'image_addr_272',1),(273,217,'image_addr_273',1),(274,254,'image_addr_274',1),(275,139,'image_addr_275',1),(276,197,'image_addr_276',1),(277,227,'image_addr_277',1),(278,164,'image_addr_278',1),(279,6,'image_addr_279',1),(280,153,'image_addr_280',1),(281,204,'image_addr_281',1),(282,158,'image_addr_282',1),(283,133,'image_addr_283',1),(284,27,'image_addr_284',1),(285,96,'image_addr_285',1),(286,37,'image_addr_286',1),(287,259,'image_addr_287',1),(288,21,'image_addr_288',1),(289,113,'image_addr_289',1),(290,193,'image_addr_290',1),(291,24,'image_addr_291',1),(292,63,'image_addr_292',1),(293,65,'image_addr_293',1),(294,39,'image_addr_294',1),(295,33,'image_addr_295',1),(296,64,'image_addr_296',1),(297,249,'image_addr_297',1),(298,266,'image_addr_298',1),(299,8,'image_addr_299',1),(300,83,'image_addr_300',1),(301,159,'image_addr_301',1),(302,229,'image_addr_302',1),(303,238,'image_addr_303',1),(304,128,'image_addr_304',1),(305,234,'image_addr_305',1),(306,76,'image_addr_306',1),(307,24,'image_addr_307',1),(308,160,'image_addr_308',1),(309,291,'image_addr_309',1),(310,29,'image_addr_310',1),(311,12,'image_addr_311',1),(312,247,'image_addr_312',1),(313,186,'image_addr_313',1),(314,196,'image_addr_314',1),(315,273,'image_addr_315',1),(316,33,'image_addr_316',1),(317,232,'image_addr_317',1),(318,283,'image_addr_318',1),(319,106,'image_addr_319',1),(320,97,'image_addr_320',1),(321,176,'image_addr_321',1),(322,129,'image_addr_322',1),(323,159,'image_addr_323',1),(324,240,'image_addr_324',1),(325,220,'image_addr_325',1),(326,244,'image_addr_326',1),(327,55,'image_addr_327',1),(328,168,'image_addr_328',1),(329,261,'image_addr_329',1),(330,62,'image_addr_330',1),(331,2,'image_addr_331',1),(332,171,'image_addr_332',1),(333,42,'image_addr_333',1),(334,239,'image_addr_334',1),(335,298,'image_addr_335',1),(336,276,'image_addr_336',1),(337,14,'image_addr_337',1),(338,21,'image_addr_338',1),(339,187,'image_addr_339',1),(340,57,'image_addr_340',1),(341,102,'image_addr_341',1),(342,199,'image_addr_342',1),(343,3,'image_addr_343',1),(344,39,'image_addr_344',1),(345,146,'image_addr_345',1),(346,275,'image_addr_346',1),(347,124,'image_addr_347',1),(348,130,'image_addr_348',1),(349,257,'image_addr_349',1),(350,229,'image_addr_350',1),(351,226,'image_addr_351',1),(352,132,'image_addr_352',1),(353,109,'image_addr_353',1),(354,136,'image_addr_354',1),(355,123,'image_addr_355',1),(356,80,'image_addr_356',1),(357,131,'image_addr_357',1),(358,178,'image_addr_358',1),(359,247,'image_addr_359',1),(360,91,'image_addr_360',1),(361,291,'image_addr_361',1),(362,248,'image_addr_362',1),(363,14,'image_addr_363',1),(364,33,'image_addr_364',1),(365,238,'image_addr_365',1),(366,11,'image_addr_366',1),(367,8,'image_addr_367',1),(368,252,'image_addr_368',1),(369,84,'image_addr_369',1),(370,194,'image_addr_370',1),(371,8,'image_addr_371',1),(372,237,'image_addr_372',1),(373,144,'image_addr_373',1),(374,10,'image_addr_374',1),(375,27,'image_addr_375',1),(376,290,'image_addr_376',1),(377,36,'image_addr_377',1),(378,150,'image_addr_378',1),(379,119,'image_addr_379',1),(380,292,'image_addr_380',1),(381,78,'image_addr_381',1),(382,96,'image_addr_382',1),(383,124,'image_addr_383',1),(384,239,'image_addr_384',1),(385,231,'image_addr_385',1),(386,298,'image_addr_386',1),(387,18,'image_addr_387',1),(388,114,'image_addr_388',1),(389,175,'image_addr_389',1),(390,17,'image_addr_390',1),(391,256,'image_addr_391',1),(392,166,'image_addr_392',1),(393,16,'image_addr_393',1),(394,269,'image_addr_394',1),(395,250,'image_addr_395',1),(396,254,'image_addr_396',1),(397,280,'image_addr_397',1),(398,257,'image_addr_398',1),(399,257,'image_addr_399',1),(400,115,'image_addr_400',1),(401,202,'image_addr_401',1),(402,16,'image_addr_402',1),(403,51,'image_addr_403',1),(404,98,'image_addr_404',1),(405,77,'image_addr_405',1),(406,77,'image_addr_406',1),(407,139,'image_addr_407',1),(408,112,'image_addr_408',1),(409,227,'image_addr_409',1),(410,9,'image_addr_410',1),(411,103,'image_addr_411',1),(412,56,'image_addr_412',1),(413,104,'image_addr_413',1),(414,278,'image_addr_414',1),(415,294,'image_addr_415',1),(416,86,'image_addr_416',1),(417,276,'image_addr_417',1),(418,12,'image_addr_418',1),(419,199,'image_addr_419',1),(420,202,'image_addr_420',1),(421,28,'image_addr_421',1),(422,207,'image_addr_422',1),(423,119,'image_addr_423',1),(424,43,'image_addr_424',1),(425,175,'image_addr_425',1),(426,68,'image_addr_426',1),(427,48,'image_addr_427',1),(428,154,'image_addr_428',1),(429,24,'image_addr_429',1),(430,4,'image_addr_430',1),(431,268,'image_addr_431',1),(432,278,'image_addr_432',1),(433,19,'image_addr_433',1),(434,70,'image_addr_434',1),(435,127,'image_addr_435',1),(436,95,'image_addr_436',1),(437,147,'image_addr_437',1),(438,265,'image_addr_438',1),(439,206,'image_addr_439',1),(440,125,'image_addr_440',1),(441,273,'image_addr_441',1),(442,61,'image_addr_442',1),(443,180,'image_addr_443',1),(444,128,'image_addr_444',1),(445,38,'image_addr_445',1),(446,226,'image_addr_446',1),(447,265,'image_addr_447',1),(448,65,'image_addr_448',1),(449,237,'image_addr_449',1),(450,216,'image_addr_450',1),(451,267,'image_addr_451',1),(452,16,'image_addr_452',1),(453,122,'image_addr_453',1),(454,85,'image_addr_454',1),(455,110,'image_addr_455',1),(456,296,'image_addr_456',1),(457,153,'image_addr_457',1),(458,158,'image_addr_458',1),(459,202,'image_addr_459',1),(460,228,'image_addr_460',1),(461,161,'image_addr_461',1),(462,221,'image_addr_462',1),(463,257,'image_addr_463',1),(464,232,'image_addr_464',1),(465,291,'image_addr_465',1),(466,83,'image_addr_466',1),(467,26,'image_addr_467',1),(468,189,'image_addr_468',1),(469,47,'image_addr_469',1),(470,284,'image_addr_470',1),(471,13,'image_addr_471',1),(472,71,'image_addr_472',1),(473,44,'image_addr_473',1),(474,192,'image_addr_474',1),(475,250,'image_addr_475',1),(476,133,'image_addr_476',1),(477,117,'image_addr_477',1),(478,267,'image_addr_478',1),(479,198,'image_addr_479',1),(480,105,'image_addr_480',1),(481,182,'image_addr_481',1),(482,164,'image_addr_482',1),(483,172,'image_addr_483',1),(484,55,'image_addr_484',1),(485,300,'image_addr_485',1),(486,282,'image_addr_486',1),(487,102,'image_addr_487',1),(488,152,'image_addr_488',1),(489,191,'image_addr_489',1),(490,3,'image_addr_490',1),(491,132,'image_addr_491',1),(492,103,'image_addr_492',1),(493,276,'image_addr_493',1),(494,88,'image_addr_494',1),(495,34,'image_addr_495',1),(496,266,'image_addr_496',1),(497,171,'image_addr_497',1),(498,112,'image_addr_498',1),(499,206,'image_addr_499',1),(500,269,'image_addr_500',1),(501,147,'image_addr_501',1),(502,218,'image_addr_502',1),(503,92,'image_addr_503',1),(504,190,'image_addr_504',1),(505,161,'image_addr_505',1),(506,93,'image_addr_506',1),(507,74,'image_addr_507',1),(508,30,'image_addr_508',1),(509,59,'image_addr_509',1),(510,271,'image_addr_510',1),(511,134,'image_addr_511',1),(512,292,'image_addr_512',1),(513,186,'image_addr_513',1),(514,58,'image_addr_514',1),(515,98,'image_addr_515',1),(516,238,'image_addr_516',1),(517,91,'image_addr_517',1),(518,200,'image_addr_518',1),(519,89,'image_addr_519',1),(520,281,'image_addr_520',1),(521,254,'image_addr_521',1),(522,272,'image_addr_522',1),(523,135,'image_addr_523',1),(524,229,'image_addr_524',1),(525,60,'image_addr_525',1),(526,221,'image_addr_526',1),(527,246,'image_addr_527',1),(528,282,'image_addr_528',1),(529,84,'image_addr_529',1),(530,151,'image_addr_530',1),(531,2,'image_addr_531',1),(532,230,'image_addr_532',1),(533,120,'image_addr_533',1),(534,93,'image_addr_534',1),(535,171,'image_addr_535',1),(536,281,'image_addr_536',1),(537,238,'image_addr_537',1),(538,244,'image_addr_538',1),(539,10,'image_addr_539',1),(540,48,'image_addr_540',1),(541,267,'image_addr_541',1),(542,195,'image_addr_542',1),(543,40,'image_addr_543',1),(544,204,'image_addr_544',1),(545,4,'image_addr_545',1),(546,189,'image_addr_546',1),(547,141,'image_addr_547',1),(548,94,'image_addr_548',1),(549,88,'image_addr_549',1),(550,282,'image_addr_550',1),(551,126,'image_addr_551',1),(552,42,'image_addr_552',1),(553,253,'image_addr_553',1),(554,13,'image_addr_554',1),(555,22,'image_addr_555',1),(556,64,'image_addr_556',1),(557,233,'image_addr_557',1),(558,268,'image_addr_558',1),(559,45,'image_addr_559',1),(560,16,'image_addr_560',1),(561,170,'image_addr_561',1),(562,47,'image_addr_562',1),(563,245,'image_addr_563',1),(564,290,'image_addr_564',1),(565,191,'image_addr_565',1),(566,115,'image_addr_566',1),(567,22,'image_addr_567',1),(568,128,'image_addr_568',1),(569,110,'image_addr_569',1),(570,31,'image_addr_570',1),(571,176,'image_addr_571',1),(572,76,'image_addr_572',1),(573,277,'image_addr_573',1),(574,267,'image_addr_574',1),(575,32,'image_addr_575',1),(576,281,'image_addr_576',1),(577,155,'image_addr_577',1),(578,172,'image_addr_578',1),(579,126,'image_addr_579',1),(580,243,'image_addr_580',1),(581,205,'image_addr_581',1),(582,4,'image_addr_582',1),(583,36,'image_addr_583',1),(584,158,'image_addr_584',1),(585,16,'image_addr_585',1),(586,57,'image_addr_586',1),(587,273,'image_addr_587',1),(588,248,'image_addr_588',1),(589,76,'image_addr_589',1),(590,18,'image_addr_590',1),(591,15,'image_addr_591',1),(592,246,'image_addr_592',1),(593,64,'image_addr_593',1),(594,259,'image_addr_594',1),(595,287,'image_addr_595',1),(596,254,'image_addr_596',1),(597,125,'image_addr_597',1),(598,8,'image_addr_598',1),(599,82,'image_addr_599',1),(600,234,'image_addr_600',1);
/*!40000 ALTER TABLE `goods_image` ENABLE KEYS */;
UNLOCK TABLES;

--
-- Table structure for table `goods_in_order`
--

DROP TABLE IF EXISTS `goods_in_order`;
/*!40101 SET @saved_cs_client     = @@character_set_client */;
/*!40101 SET character_set_client = utf8 */;
CREATE TABLE `goods_in_order` (
  `order_id` bigint(20) NOT NULL,
  `attribute_id` int(11) NOT NULL,
  `goods_id` int(11) NOT NULL,
  `goods_num` int(11) NOT NULL,
  `cost` double NOT NULL,
  `actual_price` double NOT NULL,
  `comment` varchar(300) COLLATE utf8mb4_unicode_ci DEFAULT NULL,
  `evaluate_score` smallint(6) DEFAULT NULL,
  `evaluate_time` datetime DEFAULT NULL,
  KEY `FK_contained_order` (`order_id`),
  KEY `FK_goods_id` (`goods_id`),
  KEY `FK_attr_id` (`attribute_id`),
  CONSTRAINT `FK_contained_order` FOREIGN KEY (`order_id`) REFERENCES `goods_order` (`order_id`) ON UPDATE CASCADE,
  CONSTRAINT `FK_goods_id` FOREIGN KEY (`goods_id`) REFERENCES `goods` (`goods_id`) ON UPDATE CASCADE,
  CONSTRAINT `FK_attr_id` FOREIGN KEY (`attribute_id`) REFERENCES `goods_attribute` (`attribute_id`) ON UPDATE CASCADE
) ENGINE=InnoDB DEFAULT CHARSET=utf8mb4 COLLATE=utf8mb4_unicode_ci;
/*!40101 SET character_set_client = @saved_cs_client */;

--
-- Dumping data for table `goods_in_order`
--

LOCK TABLES `goods_in_order` WRITE;
/*!40000 ALTER TABLE `goods_in_order` DISABLE KEYS */;
INSERT INTO `goods_in_order` VALUES (257,367,158,66,111,121,'comment_1',NULL,NULL),(89,186,244,78,13,23,'comment_2',NULL,NULL),(103,160,281,57,851,861,'comment_3',NULL,NULL),(32,127,126,28,178,188,'comment_4',NULL,NULL),(225,433,232,90,108,118,'comment_5',NULL,NULL),(94,445,28,1,428,438,'comment_6',NULL,NULL),(254,226,213,2,955,965,'comment_7',NULL,NULL),(265,200,117,17,543,553,'comment_8',NULL,NULL),(21,137,180,50,82,92,'comment_9',NULL,NULL),(169,259,16,16,477,487,'comment_10',NULL,NULL),(135,310,48,52,917,927,'comment_11',NULL,NULL),(145,14,19,72,319,329,'comment_12',NULL,NULL),(190,295,46,1,257,267,'comment_13',NULL,NULL),(264,288,97,63,826,836,'comment_14',NULL,NULL),(85,135,279,48,423,433,'comment_15',NULL,NULL),(287,452,112,94,675,685,'comment_16',NULL,NULL),(198,540,254,88,619,629,'comment_17',NULL,NULL),(161,453,95,39,895,905,'comment_18',NULL,NULL),(275,562,177,22,728,738,'comment_19',NULL,NULL),(189,444,263,80,992,1002,'comment_20',NULL,NULL),(98,360,180,5,653,663,'comment_21',NULL,NULL),(261,376,116,75,559,569,'comment_22',NULL,NULL),(27,125,24,53,488,498,'comment_23',NULL,NULL),(81,390,88,4,46,56,'comment_24',NULL,NULL),(180,277,59,20,604,614,'comment_25',NULL,NULL),(63,351,241,16,147,157,'comment_26',NULL,NULL),(190,596,220,40,450,460,'comment_27',NULL,NULL),(168,410,295,41,990,1000,'comment_28',NULL,NULL),(190,63,236,43,645,655,'comment_29',NULL,NULL),(201,26,293,89,8,18,'comment_30',NULL,NULL),(253,113,287,90,555,565,'comment_31',NULL,NULL),(127,99,138,45,308,318,'comment_32',NULL,NULL),(276,175,210,29,828,838,'comment_33',NULL,NULL),(15,21,296,48,845,855,'comment_34',NULL,NULL),(103,295,46,77,266,276,'comment_35',NULL,NULL),(12,550,3,87,807,817,'comment_36',NULL,NULL),(75,599,186,71,101,111,'comment_37',NULL,NULL),(37,474,239,92,12,22,'comment_38',NULL,NULL),(154,4,182,1,18,28,'comment_39',NULL,NULL),(283,58,186,60,881,891,'comment_40',NULL,NULL),(267,548,211,39,94,104,'comment_41',NULL,NULL),(240,494,92,92,976,986,'comment_42',NULL,NULL),(236,587,274,14,228,238,'comment_43',NULL,NULL),(25,328,87,73,883,893,'comment_44',NULL,NULL),(34,161,77,96,464,474,'comment_45',NULL,NULL),(115,60,22,54,744,754,'comment_46',NULL,NULL),(299,491,250,82,717,727,'comment_47',NULL,NULL),(191,545,188,4,840,850,'comment_48',NULL,NULL),(40,95,117,28,860,870,'comment_49',NULL,NULL),(85,47,167,59,730,740,'comment_50',NULL,NULL),(14,236,57,68,996,1006,'comment_51',NULL,NULL),(55,143,131,2,175,185,'comment_52',NULL,NULL),(138,28,56,72,663,673,'comment_53',NULL,NULL),(65,124,29,77,412,422,'comment_54',NULL,NULL),(271,328,87,98,407,417,'comment_55',NULL,NULL),(175,381,42,73,470,480,'comment_56',NULL,NULL),(140,42,165,73,513,523,'comment_57',NULL,NULL),(3,69,214,61,922,932,'comment_58',NULL,NULL),(217,323,110,67,460,470,'comment_59',NULL,NULL),(202,424,158,69,994,1004,'comment_60',NULL,NULL),(278,156,117,26,380,390,'comment_61',NULL,NULL),(52,326,192,1,865,875,'comment_62',NULL,NULL),(153,73,72,9,97,107,'comment_63',NULL,NULL),(1,208,288,75,168,178,'comment_64',NULL,NULL),(129,362,183,7,641,651,'comment_65',NULL,NULL),(120,47,167,95,228,238,'comment_66',NULL,NULL),(239,117,53,45,358,368,'comment_67',NULL,NULL),(20,166,6,7,704,714,'comment_68',NULL,NULL),(4,227,21,37,22,32,'comment_69',NULL,NULL),(52,580,13,48,351,361,'comment_70',NULL,NULL),(267,8,240,42,927,937,'comment_71',NULL,NULL),(131,70,78,74,266,276,'comment_72',NULL,NULL),(234,137,180,6,736,746,'comment_73',NULL,NULL),(43,228,9,13,584,594,'comment_74',NULL,NULL),(68,151,257,97,993,1003,'comment_75',NULL,NULL),(236,258,229,77,327,337,'comment_76',NULL,NULL),(36,357,202,28,857,867,'comment_77',NULL,NULL),(98,39,165,51,497,507,'comment_78',NULL,NULL),(250,129,257,15,397,407,'comment_79',NULL,NULL),(126,239,137,73,186,196,'comment_80',NULL,NULL),(121,495,44,1,318,328,'comment_81',NULL,NULL),(193,291,131,48,469,479,'comment_82',NULL,NULL),(20,11,107,22,987,997,'comment_83',NULL,NULL),(129,322,186,51,203,213,'comment_84',NULL,NULL),(31,294,76,40,923,933,'comment_85',NULL,NULL),(177,597,30,37,771,781,'comment_86',NULL,NULL),(144,207,225,41,480,490,'comment_87',NULL,NULL),(225,332,33,46,983,993,'comment_88',NULL,NULL),(44,354,161,9,198,208,'comment_89',NULL,NULL),(11,250,122,95,206,216,'comment_90',NULL,NULL),(285,213,60,56,790,800,'comment_91',NULL,NULL),(96,404,129,17,555,565,'comment_92',NULL,NULL),(36,340,42,73,827,837,'comment_93',NULL,NULL),(48,443,220,13,133,143,'comment_94',NULL,NULL),(91,309,206,2,869,879,'comment_95',NULL,NULL),(105,353,32,90,476,486,'comment_96',NULL,NULL),(247,599,186,10,536,546,'comment_97',NULL,NULL),(146,535,166,64,571,581,'comment_98',NULL,NULL),(296,493,13,83,522,532,'comment_99',NULL,NULL),(173,434,225,46,654,664,'comment_100',NULL,NULL),(277,436,229,39,54,64,'comment_101',NULL,NULL),(146,387,254,9,678,688,'comment_102',NULL,NULL),(18,267,237,68,925,935,'comment_103',NULL,NULL),(236,187,17,10,424,434,'comment_104',NULL,NULL),(160,227,21,82,359,369,'comment_105',NULL,NULL),(212,268,104,44,368,378,'comment_106',NULL,NULL),(69,237,128,68,404,414,'comment_107',NULL,NULL),(181,46,111,90,814,824,'comment_108',NULL,NULL),(267,430,224,60,737,747,'comment_109',NULL,NULL),(95,378,147,34,947,957,'comment_110',NULL,NULL),(146,208,288,33,694,704,'comment_111',NULL,NULL),(139,514,94,62,364,374,'comment_112',NULL,NULL),(85,67,196,10,528,538,'comment_113',NULL,NULL),(200,213,60,14,25,35,'comment_114',NULL,NULL),(149,105,47,33,350,360,'comment_115',NULL,NULL),(191,63,236,70,597,607,'comment_116',NULL,NULL),(49,520,245,76,127,137,'comment_117',NULL,NULL),(137,178,104,91,423,433,'comment_118',NULL,NULL),(142,530,152,87,679,689,'comment_119',NULL,NULL),(117,300,38,76,613,623,'comment_120',NULL,NULL),(151,488,57,93,264,274,'comment_121',NULL,NULL),(50,247,212,22,403,413,'comment_122',NULL,NULL),(75,14,19,12,178,188,'comment_123',NULL,NULL),(256,338,190,1,430,440,'comment_124',NULL,NULL),(204,576,120,39,237,247,'comment_125',NULL,NULL),(285,304,171,66,613,623,'comment_126',NULL,NULL),(211,513,196,62,403,413,'comment_127',NULL,NULL),(185,299,128,30,495,505,'comment_128',NULL,NULL),(295,298,167,60,839,849,'comment_129',NULL,NULL),(156,91,150,70,620,630,'comment_130',NULL,NULL),(2,514,94,89,450,460,'comment_131',NULL,NULL),(58,332,33,26,62,72,'comment_132',NULL,NULL),(38,283,117,68,862,872,'comment_133',NULL,NULL),(130,219,100,42,529,539,'comment_134',NULL,NULL),(182,433,232,52,352,362,'comment_135',NULL,NULL),(165,416,271,69,87,97,'comment_136',NULL,NULL),(206,65,58,14,343,353,'comment_137',NULL,NULL),(15,50,204,36,461,471,'comment_138',NULL,NULL),(38,256,206,45,556,566,'comment_139',NULL,NULL),(82,401,7,91,618,628,'comment_140',NULL,NULL),(15,46,111,25,614,624,'comment_141',NULL,NULL),(51,467,131,58,650,660,'comment_142',NULL,NULL),(161,47,167,54,430,440,'comment_143',NULL,NULL),(85,22,187,61,328,338,'comment_144',NULL,NULL),(12,211,102,7,713,723,'comment_145',NULL,NULL),(152,198,158,94,537,547,'comment_146',NULL,NULL),(200,401,7,42,488,498,'comment_147',NULL,NULL),(170,374,58,56,579,589,'comment_148',NULL,NULL),(67,201,262,54,260,270,'comment_149',NULL,NULL),(96,351,241,50,29,39,'comment_150',NULL,NULL),(200,180,250,17,633,643,'comment_151',NULL,NULL),(67,406,12,85,103,113,'comment_152',NULL,NULL),(276,80,164,26,792,802,'comment_153',NULL,NULL),(234,383,46,27,296,306,'comment_154',NULL,NULL),(28,504,148,76,146,156,'comment_155',NULL,NULL),(113,513,196,97,518,528,'comment_156',NULL,NULL),(178,377,138,61,939,949,'comment_157',NULL,NULL),(150,572,114,69,271,281,'comment_158',NULL,NULL),(206,102,126,78,685,695,'comment_159',NULL,NULL),(257,478,204,6,303,313,'comment_160',NULL,NULL),(198,416,271,15,399,409,'comment_161',NULL,NULL),(219,17,117,79,147,157,'comment_162',NULL,NULL),(149,537,275,63,739,749,'comment_163',NULL,NULL),(120,293,60,86,48,58,'comment_164',NULL,NULL),(55,385,78,53,638,648,'comment_165',NULL,NULL),(45,545,188,39,82,92,'comment_166',NULL,NULL),(292,363,85,98,547,557,'comment_167',NULL,NULL),(262,147,192,67,93,103,'comment_168',NULL,NULL),(203,488,57,8,231,241,'comment_169',NULL,NULL),(37,49,226,79,695,705,'comment_170',NULL,NULL),(107,416,271,23,797,807,'comment_171',NULL,NULL),(259,123,105,21,789,799,'comment_172',NULL,NULL),(142,147,192,69,208,218,'comment_173',NULL,NULL),(66,552,295,65,213,223,'comment_174',NULL,NULL),(230,384,107,53,24,34,'comment_175',NULL,NULL),(213,274,144,22,530,540,'comment_176',NULL,NULL),(94,294,76,72,404,414,'comment_177',NULL,NULL),(16,449,181,36,222,232,'comment_178',NULL,NULL),(91,217,219,70,381,391,'comment_179',NULL,NULL),(219,374,58,93,430,440,'comment_180',NULL,NULL),(84,382,87,12,806,816,'comment_181',NULL,NULL),(224,141,195,46,840,850,'comment_182',NULL,NULL),(21,297,66,83,635,645,'comment_183',NULL,NULL),(65,320,87,91,704,714,'comment_184',NULL,NULL),(102,503,241,22,144,154,'comment_185',NULL,NULL),(10,395,247,83,477,487,'comment_186',NULL,NULL),(236,164,225,91,726,736,'comment_187',NULL,NULL),(178,398,299,82,704,714,'comment_188',NULL,NULL),(212,321,78,53,317,327,'comment_189',NULL,NULL),(68,73,72,95,744,754,'comment_190',NULL,NULL),(197,126,258,98,21,31,'comment_191',NULL,NULL),(94,441,237,14,70,80,'comment_192',NULL,NULL),(25,480,24,42,140,150,'comment_193',NULL,NULL),(130,568,72,65,103,113,'comment_194',NULL,NULL),(210,62,5,65,127,137,'comment_195',NULL,NULL),(217,446,69,12,604,614,'comment_196',NULL,NULL),(169,98,228,91,820,830,'comment_197',NULL,NULL),(197,321,78,6,68,78,'comment_198',NULL,NULL),(201,9,73,54,300,310,'comment_199',NULL,NULL),(140,561,113,44,1,11,'comment_200',NULL,NULL),(0,34,288,2,289,299,'comment_201',NULL,NULL),(125,313,46,75,758,768,'comment_202',NULL,NULL),(144,248,214,91,210,220,'comment_203',NULL,NULL),(174,78,189,44,587,597,'comment_204',NULL,NULL),(103,32,38,27,817,827,'comment_205',NULL,NULL),(269,509,250,74,110,120,'comment_206',NULL,NULL),(178,519,173,21,601,611,'comment_207',NULL,NULL),(145,61,46,62,36,46,'comment_208',NULL,NULL),(122,411,85,69,720,730,'comment_209',NULL,NULL),(292,46,111,30,770,780,'comment_210',NULL,NULL),(210,382,87,9,747,757,'comment_211',NULL,NULL),(47,317,218,86,744,754,'comment_212',NULL,NULL),(152,493,13,6,820,830,'comment_213',NULL,NULL),(237,268,104,83,265,275,'comment_214',NULL,NULL),(215,456,165,92,966,976,'comment_215',NULL,NULL),(267,458,61,80,520,530,'comment_216',NULL,NULL),(23,279,268,67,595,605,'comment_217',NULL,NULL),(172,40,1,90,867,877,'comment_218',NULL,NULL),(296,581,13,31,205,215,'comment_219',NULL,NULL),(202,259,16,15,430,440,'comment_220',NULL,NULL),(120,402,76,34,604,614,'comment_221',NULL,NULL),(162,255,190,34,296,306,'comment_222',NULL,NULL),(76,168,58,90,520,530,'comment_223',NULL,NULL),(140,163,206,99,580,590,'comment_224',NULL,NULL),(293,202,167,31,522,532,'comment_225',NULL,NULL),(161,182,91,67,560,570,'comment_226',NULL,NULL),(2,293,60,5,69,79,'comment_227',NULL,NULL),(125,573,64,94,970,980,'comment_228',NULL,NULL),(9,4,182,99,820,830,'comment_229',NULL,NULL),(54,488,57,28,50,60,'comment_230',NULL,NULL),(141,228,9,49,268,278,'comment_231',NULL,NULL),(145,244,197,22,839,849,'comment_232',NULL,NULL),(148,268,104,94,805,815,'comment_233',NULL,NULL),(278,535,166,41,211,221,'comment_234',NULL,NULL),(80,409,214,48,879,889,'comment_235',NULL,NULL),(29,575,79,3,705,715,'comment_236',NULL,NULL),(135,497,137,25,215,225,'comment_237',NULL,NULL),(185,259,16,74,652,662,'comment_238',NULL,NULL),(259,316,203,18,704,714,'comment_239',NULL,NULL),(122,104,86,42,252,262,'comment_240',NULL,NULL),(296,11,107,49,116,126,'comment_241',NULL,NULL),(105,598,278,37,581,591,'comment_242',NULL,NULL),(28,54,290,14,875,885,'comment_243',NULL,NULL),(194,546,237,80,391,401,'comment_244',NULL,NULL),(57,400,17,99,490,500,'comment_245',NULL,NULL),(178,164,225,28,808,818,'comment_246',NULL,NULL),(252,397,169,61,349,359,'comment_247',NULL,NULL),(196,434,225,36,101,111,'comment_248',NULL,NULL),(37,588,141,17,505,515,'comment_249',NULL,NULL),(234,181,298,75,673,683,'comment_250',NULL,NULL),(277,580,13,87,294,304,'comment_251',NULL,NULL),(180,29,216,47,759,769,'comment_252',NULL,NULL),(187,325,202,53,25,35,'comment_253',NULL,NULL),(124,577,233,37,908,918,'comment_254',NULL,NULL),(242,358,56,62,484,494,'comment_255',NULL,NULL),(40,53,70,65,968,978,'comment_256',NULL,NULL),(180,1,93,63,918,928,'comment_257',NULL,NULL),(138,407,12,47,253,263,'comment_258',NULL,NULL),(236,457,44,27,411,421,'comment_259',NULL,NULL),(80,57,207,34,828,838,'comment_260',NULL,NULL),(122,95,117,89,725,735,'comment_261',NULL,NULL),(3,195,83,35,185,195,'comment_262',NULL,NULL),(0,196,261,88,39,49,'comment_263',NULL,NULL),(30,579,243,51,305,315,'comment_264',NULL,NULL),(181,24,158,15,877,887,'comment_265',NULL,NULL),(100,193,235,38,312,322,'comment_266',NULL,NULL),(66,11,107,93,828,838,'comment_267',NULL,NULL),(123,29,216,61,629,639,'comment_268',NULL,NULL),(61,116,119,79,607,617,'comment_269',NULL,NULL),(53,106,267,65,551,561,'comment_270',NULL,NULL),(102,73,72,10,386,396,'comment_271',NULL,NULL),(25,251,66,60,248,258,'comment_272',NULL,NULL),(62,119,19,9,721,731,'comment_273',NULL,NULL),(39,578,152,89,287,297,'comment_274',NULL,NULL),(245,517,267,20,477,487,'comment_275',NULL,NULL),(77,562,177,91,7,17,'comment_276',NULL,NULL),(182,325,202,95,519,529,'comment_277',NULL,NULL),(238,115,222,90,87,97,'comment_278',NULL,NULL),(19,18,194,78,341,351,'comment_279',NULL,NULL),(159,342,118,58,658,668,'comment_280',NULL,NULL),(155,126,258,43,407,417,'comment_281',NULL,NULL),(249,33,102,72,535,545,'comment_282',NULL,NULL),(102,141,195,57,143,153,'comment_283',NULL,NULL),(236,460,223,37,623,633,'comment_284',NULL,NULL),(297,184,73,93,787,797,'comment_285',NULL,NULL),(197,429,132,81,514,524,'comment_286',NULL,NULL),(94,2,16,20,455,465,'comment_287',NULL,NULL),(235,58,186,62,625,635,'comment_288',NULL,NULL),(151,120,284,52,40,50,'comment_289',NULL,NULL),(7,116,119,63,678,688,'comment_290',NULL,NULL),(52,441,237,60,595,605,'comment_291',NULL,NULL),(296,413,97,76,201,211,'comment_292',NULL,NULL),(146,319,31,76,381,391,'comment_293',NULL,NULL),(120,420,85,16,489,499,'comment_294',NULL,NULL),(222,466,270,60,196,206,'comment_295',NULL,NULL),(248,430,224,18,264,274,'comment_296',NULL,NULL),(64,198,158,2,777,787,'comment_297',NULL,NULL),(228,89,129,1,595,605,'comment_298',NULL,NULL),(215,403,188,78,525,535,'comment_299',NULL,NULL),(148,431,140,27,303,313,'comment_300',NULL,NULL),(101,283,117,89,540,550,'comment_301',NULL,NULL),(10,146,221,91,265,275,'comment_302',NULL,NULL),(36,208,288,82,716,726,'comment_303',NULL,NULL),(160,511,1,4,620,630,'comment_304',NULL,NULL),(86,247,212,48,758,768,'comment_305',NULL,NULL),(98,244,197,52,981,991,'comment_306',NULL,NULL),(216,35,229,95,264,274,'comment_307',NULL,NULL),(206,172,195,32,919,929,'comment_308',NULL,NULL),(234,89,129,65,848,858,'comment_309',NULL,NULL),(212,306,118,47,198,208,'comment_310',NULL,NULL),(235,273,182,13,251,261,'comment_311',NULL,NULL),(174,177,42,66,598,608,'comment_312',NULL,NULL),(23,328,87,45,974,984,'comment_313',NULL,NULL),(206,421,286,27,140,150,'comment_314',NULL,NULL),(49,126,258,15,966,976,'comment_315',NULL,NULL),(106,567,4,7,250,260,'comment_316',NULL,NULL),(105,101,274,30,653,663,'comment_317',NULL,NULL),(72,48,189,46,56,66,'comment_318',NULL,NULL),(246,71,47,2,685,695,'comment_319',NULL,NULL),(289,510,281,19,316,326,'comment_320',NULL,NULL),(97,226,213,62,456,466,'comment_321',NULL,NULL),(284,460,223,89,645,655,'comment_322',NULL,NULL),(193,176,293,91,730,740,'comment_323',NULL,NULL),(20,468,41,99,76,86,'comment_324',NULL,NULL),(102,356,174,90,155,165,'comment_325',NULL,NULL),(3,234,75,14,556,566,'comment_326',NULL,NULL),(30,69,214,30,608,618,'comment_327',NULL,NULL),(117,140,235,41,27,37,'comment_328',NULL,NULL),(166,308,118,83,837,847,'comment_329',NULL,NULL),(299,73,72,47,214,224,'comment_330',NULL,NULL),(171,552,295,37,216,226,'comment_331',NULL,NULL),(135,329,172,21,629,639,'comment_332',NULL,NULL),(268,36,131,83,53,63,'comment_333',NULL,NULL),(136,316,203,69,113,123,'comment_334',NULL,NULL),(41,451,60,89,527,537,'comment_335',NULL,NULL),(207,501,78,36,144,154,'comment_336',NULL,NULL),(144,73,72,12,800,810,'comment_337',NULL,NULL),(150,148,113,9,643,653,'comment_338',NULL,NULL),(96,317,218,73,188,198,'comment_339',NULL,NULL),(14,579,243,20,488,498,'comment_340',NULL,NULL),(48,282,54,5,657,667,'comment_341',NULL,NULL),(40,439,279,74,583,593,'comment_342',NULL,NULL),(285,385,78,86,978,988,'comment_343',NULL,NULL),(111,40,1,56,631,641,'comment_344',NULL,NULL),(16,118,120,29,265,275,'comment_345',NULL,NULL),(166,399,246,81,7,17,'comment_346',NULL,NULL),(268,290,197,42,888,898,'comment_347',NULL,NULL),(186,154,199,95,690,700,'comment_348',NULL,NULL),(59,221,170,86,404,414,'comment_349',NULL,NULL),(263,428,44,53,391,401,'comment_350',NULL,NULL),(65,26,293,45,380,390,'comment_351',NULL,NULL),(95,227,21,24,910,920,'comment_352',NULL,NULL),(113,264,247,15,889,899,'comment_353',NULL,NULL),(128,439,279,13,895,905,'comment_354',NULL,NULL),(176,572,114,19,87,97,'comment_355',NULL,NULL),(264,45,10,34,193,203,'comment_356',NULL,NULL),(129,251,66,22,189,199,'comment_357',NULL,NULL),(153,377,138,16,767,777,'comment_358',NULL,NULL),(190,513,196,3,48,58,'comment_359',NULL,NULL),(1,287,235,62,483,493,'comment_360',NULL,NULL),(221,84,199,19,813,823,'comment_361',NULL,NULL),(256,534,87,23,667,677,'comment_362',NULL,NULL),(287,544,285,3,220,230,'comment_363',NULL,NULL),(30,28,56,60,492,502,'comment_364',NULL,NULL),(32,505,235,38,97,107,'comment_365',NULL,NULL),(270,359,174,22,754,764,'comment_366',NULL,NULL),(136,151,257,33,815,825,'comment_367',NULL,NULL),(86,304,171,92,532,542,'comment_368',NULL,NULL),(86,102,126,81,431,441,'comment_369',NULL,NULL),(197,255,190,44,775,785,'comment_370',NULL,NULL),(86,308,118,5,396,406,'comment_371',NULL,NULL),(39,84,199,51,520,530,'comment_372',NULL,NULL),(76,19,277,55,646,656,'comment_373',NULL,NULL),(234,85,255,57,642,652,'comment_374',NULL,NULL),(170,115,222,16,140,150,'comment_375',NULL,NULL),(64,212,174,62,617,627,'comment_376',NULL,NULL),(127,422,275,71,562,572,'comment_377',NULL,NULL),(185,127,126,59,968,978,'comment_378',NULL,NULL),(111,29,216,71,582,592,'comment_379',NULL,NULL),(270,501,78,62,794,804,'comment_380',NULL,NULL),(4,221,170,54,412,422,'comment_381',NULL,NULL),(151,285,111,94,170,180,'comment_382',NULL,NULL),(69,407,12,28,205,215,'comment_383',NULL,NULL),(104,532,149,11,329,339,'comment_384',NULL,NULL),(224,47,167,71,701,711,'comment_385',NULL,NULL),(111,384,107,50,776,786,'comment_386',NULL,NULL),(273,22,187,86,783,793,'comment_387',NULL,NULL),(192,273,182,73,309,319,'comment_388',NULL,NULL),(188,204,145,93,141,151,'comment_389',NULL,NULL),(294,189,29,38,381,391,'comment_390',NULL,NULL),(89,107,178,95,190,200,'comment_391',NULL,NULL),(239,142,198,26,356,366,'comment_392',NULL,NULL),(119,336,44,45,615,625,'comment_393',NULL,NULL),(259,487,216,28,244,254,'comment_394',NULL,NULL),(181,210,54,24,248,258,'comment_395',NULL,NULL),(89,187,17,94,716,726,'comment_396',NULL,NULL),(210,323,110,77,804,814,'comment_397',NULL,NULL),(173,316,203,78,536,546,'comment_398',NULL,NULL),(126,533,30,62,990,1000,'comment_399',NULL,NULL),(108,74,279,4,57,67,'comment_400',NULL,NULL),(23,386,87,37,336,346,'comment_401',NULL,NULL),(70,162,297,16,809,819,'comment_402',NULL,NULL),(209,272,161,98,632,642,'comment_403',NULL,NULL),(267,546,237,59,721,731,'comment_404',NULL,NULL),(272,206,92,5,421,431,'comment_405',NULL,NULL),(81,449,181,5,484,494,'comment_406',NULL,NULL),(84,560,292,50,261,271,'comment_407',NULL,NULL),(151,367,158,87,61,71,'comment_408',NULL,NULL),(271,410,295,31,554,564,'comment_409',NULL,NULL),(261,539,282,88,36,46,'comment_410',NULL,NULL),(172,175,210,96,119,129,'comment_411',NULL,NULL),(236,580,13,63,683,693,'comment_412',NULL,NULL),(97,550,3,95,793,803,'comment_413',NULL,NULL),(268,9,73,57,159,169,'comment_414',NULL,NULL),(31,565,216,26,150,160,'comment_415',NULL,NULL),(127,567,4,39,840,850,'comment_416',NULL,NULL),(264,275,296,97,229,239,'comment_417',NULL,NULL),(192,18,194,78,209,219,'comment_418',NULL,NULL),(125,146,221,6,971,981,'comment_419',NULL,NULL),(122,122,120,93,805,815,'comment_420',NULL,NULL),(137,130,284,47,212,222,'comment_421',NULL,NULL),(196,180,250,74,604,614,'comment_422',NULL,NULL),(58,393,92,54,88,98,'comment_423',NULL,NULL),(285,260,230,25,701,711,'comment_424',NULL,NULL),(40,271,266,60,760,770,'comment_425',NULL,NULL),(229,385,78,62,739,749,'comment_426',NULL,NULL),(54,481,21,17,991,1001,'comment_427',NULL,NULL),(236,108,273,45,881,891,'comment_428',NULL,NULL),(277,347,189,45,547,557,'comment_429',NULL,NULL),(195,52,185,21,630,640,'comment_430',NULL,NULL),(205,194,124,63,946,956,'comment_431',NULL,NULL),(36,15,285,66,329,339,'comment_432',NULL,NULL),(218,383,46,86,529,539,'comment_433',NULL,NULL),(157,525,169,84,378,388,'comment_434',NULL,NULL),(268,461,225,5,702,712,'comment_435',NULL,NULL),(76,331,68,8,73,83,'comment_436',NULL,NULL),(91,589,274,79,564,574,'comment_437',NULL,NULL),(259,315,128,21,278,288,'comment_438',NULL,NULL),(146,81,76,7,154,164,'comment_439',NULL,NULL),(120,586,83,51,288,298,'comment_440',NULL,NULL),(80,104,86,87,422,432,'comment_441',NULL,NULL),(284,372,265,29,25,35,'comment_442',NULL,NULL),(27,598,278,32,14,24,'comment_443',NULL,NULL),(131,392,16,78,65,75,'comment_444',NULL,NULL),(57,592,132,35,450,460,'comment_445',NULL,NULL),(269,190,224,41,198,208,'comment_446',NULL,NULL),(93,56,209,56,774,784,'comment_447',NULL,NULL),(299,145,290,82,194,204,'comment_448',NULL,NULL),(132,62,5,72,795,805,'comment_449',NULL,NULL),(291,543,62,10,351,361,'comment_450',NULL,NULL),(216,373,33,82,805,815,'comment_451',NULL,NULL),(176,134,95,18,606,616,'comment_452',NULL,NULL),(26,437,61,27,115,125,'comment_453',NULL,NULL),(142,335,118,86,820,830,'comment_454',NULL,NULL),(182,287,235,48,760,770,'comment_455',NULL,NULL),(274,514,94,40,227,237,'comment_456',NULL,NULL),(249,256,206,6,540,550,'comment_457',NULL,NULL),(62,239,137,37,735,745,'comment_458',NULL,NULL),(84,552,295,45,10,20,'comment_459',NULL,NULL),(22,186,244,3,780,790,'comment_460',NULL,NULL),(186,401,7,49,557,567,'comment_461',NULL,NULL),(285,248,214,60,671,681,'comment_462',NULL,NULL),(223,259,16,26,691,701,'comment_463',NULL,NULL),(275,20,202,3,206,216,'comment_464',NULL,NULL),(13,324,155,60,105,115,'comment_465',NULL,NULL),(138,488,57,20,933,943,'comment_466',NULL,NULL),(113,477,41,8,79,89,'comment_467',NULL,NULL),(36,185,219,73,25,35,'comment_468',NULL,NULL),(180,482,275,51,883,893,'comment_469',NULL,NULL),(41,332,33,23,154,164,'comment_470',NULL,NULL),(194,424,158,41,884,894,'comment_471',NULL,NULL),(119,396,222,80,492,502,'comment_472',NULL,NULL),(209,323,110,61,965,975,'comment_473',NULL,NULL),(239,64,241,40,689,699,'comment_474',NULL,NULL),(3,368,289,35,368,378,'comment_475',NULL,NULL),(139,559,119,95,546,556,'comment_476',NULL,NULL),(206,176,293,11,664,674,'comment_477',NULL,NULL),(297,123,105,3,753,763,'comment_478',NULL,NULL),(222,127,126,20,229,239,'comment_479',NULL,NULL),(202,428,44,67,890,900,'comment_480',NULL,NULL),(74,312,62,94,360,370,'comment_481',NULL,NULL),(57,239,137,17,49,59,'comment_482',NULL,NULL),(193,235,187,2,193,203,'comment_483',NULL,NULL),(285,111,32,13,867,877,'comment_484',NULL,NULL),(146,572,114,56,885,895,'comment_485',NULL,NULL),(271,94,30,60,10,20,'comment_486',NULL,NULL),(88,210,54,18,481,491,'comment_487',NULL,NULL),(264,254,117,6,47,57,'comment_488',NULL,NULL),(254,17,117,80,790,800,'comment_489',NULL,NULL),(0,66,217,55,338,348,'comment_490',NULL,NULL),(84,575,79,33,199,209,'comment_491',NULL,NULL),(51,381,42,75,296,306,'comment_492',NULL,NULL),(30,486,31,78,912,922,'comment_493',NULL,NULL),(271,363,85,49,846,856,'comment_494',NULL,NULL),(237,233,275,55,578,588,'comment_495',NULL,NULL),(106,339,97,99,717,727,'comment_496',NULL,NULL),(73,309,206,71,951,961,'comment_497',NULL,NULL),(228,202,167,90,961,971,'comment_498',NULL,NULL),(182,403,188,11,832,842,'comment_499',NULL,NULL),(37,101,274,17,723,733,'comment_500',NULL,NULL),(66,305,8,51,658,668,'comment_501',NULL,NULL),(65,81,76,75,548,558,'comment_502',NULL,NULL),(263,174,277,25,876,886,'comment_503',NULL,NULL),(63,56,209,70,500,510,'comment_504',NULL,NULL),(59,406,12,30,751,761,'comment_505',NULL,NULL),(263,109,193,85,371,381,'comment_506',NULL,NULL),(236,385,78,71,4,14,'comment_507',NULL,NULL),(46,291,131,41,966,976,'comment_508',NULL,NULL),(251,472,74,90,376,386,'comment_509',NULL,NULL),(193,269,287,39,116,126,'comment_510',NULL,NULL),(262,456,165,59,972,982,'comment_511',NULL,NULL),(41,184,73,24,782,792,'comment_512',NULL,NULL),(20,213,60,56,611,621,'comment_513',NULL,NULL),(116,581,13,71,580,590,'comment_514',NULL,NULL),(284,295,46,22,418,428,'comment_515',NULL,NULL),(287,417,294,8,763,773,'comment_516',NULL,NULL),(245,226,213,1,355,365,'comment_517',NULL,NULL),(58,451,60,79,299,309,'comment_518',NULL,NULL),(66,183,197,28,829,839,'comment_519',NULL,NULL),(186,275,296,72,213,223,'comment_520',NULL,NULL),(200,469,195,58,250,260,'comment_521',NULL,NULL),(144,451,60,89,711,721,'comment_522',NULL,NULL),(43,228,9,11,548,558,'comment_523',NULL,NULL),(229,253,166,89,159,169,'comment_524',NULL,NULL),(62,213,60,49,142,152,'comment_525',NULL,NULL),(16,82,15,14,541,551,'comment_526',NULL,NULL),(34,9,73,15,536,546,'comment_527',NULL,NULL),(15,148,113,57,884,894,'comment_528',NULL,NULL),(154,553,53,69,564,574,'comment_529',NULL,NULL),(204,278,88,68,127,137,'comment_530',NULL,NULL),(161,458,61,95,579,589,'comment_531',NULL,NULL),(159,496,17,50,918,928,'comment_532',NULL,NULL),(238,105,47,64,428,438,'comment_533',NULL,NULL),(91,31,228,24,722,732,'comment_534',NULL,NULL),(290,444,263,16,710,720,'comment_535',NULL,NULL),(137,434,225,99,774,784,'comment_536',NULL,NULL),(110,434,225,97,434,444,'comment_537',NULL,NULL),(217,9,73,31,827,837,'comment_538',NULL,NULL),(272,26,293,14,131,141,'comment_539',NULL,NULL),(200,97,284,25,420,430,'comment_540',NULL,NULL),(73,592,132,68,391,401,'comment_541',NULL,NULL),(96,553,53,69,583,593,'comment_542',NULL,NULL),(169,37,111,81,802,812,'comment_543',NULL,NULL),(129,545,188,70,717,727,'comment_544',NULL,NULL),(228,469,195,66,910,920,'comment_545',NULL,NULL),(168,144,86,44,23,33,'comment_546',NULL,NULL),(218,71,47,88,370,380,'comment_547',NULL,NULL),(292,302,42,97,165,175,'comment_548',NULL,NULL),(83,131,181,53,964,974,'comment_549',NULL,NULL),(294,559,119,34,217,227,'comment_550',NULL,NULL),(72,429,132,22,23,33,'comment_551',NULL,NULL),(134,514,94,95,511,521,'comment_552',NULL,NULL),(271,377,138,93,78,88,'comment_553',NULL,NULL),(72,250,122,39,188,198,'comment_554',NULL,NULL),(289,589,274,94,512,522,'comment_555',NULL,NULL),(238,109,193,80,810,820,'comment_556',NULL,NULL),(37,328,87,95,327,337,'comment_557',NULL,NULL),(67,239,137,84,109,119,'comment_558',NULL,NULL),(39,75,280,9,498,508,'comment_559',NULL,NULL),(154,327,249,63,553,563,'comment_560',NULL,NULL),(91,90,190,21,2,12,'comment_561',NULL,NULL),(236,197,114,89,814,824,'comment_562',NULL,NULL),(207,100,228,86,638,648,'comment_563',NULL,NULL),(250,224,190,61,245,255,'comment_564',NULL,NULL),(206,216,34,31,586,596,'comment_565',NULL,NULL),(154,329,172,97,473,483,'comment_566',NULL,NULL),(252,227,21,53,3,13,'comment_567',NULL,NULL),(203,62,5,53,97,107,'comment_568',NULL,NULL),(251,4,182,85,765,775,'comment_569',NULL,NULL),(98,248,214,42,818,828,'comment_570',NULL,NULL),(89,167,164,40,729,739,'comment_571',NULL,NULL),(247,281,8,47,313,323,'comment_572',NULL,NULL),(7,280,184,31,875,885,'comment_573',NULL,NULL),(283,58,186,57,943,953,'comment_574',NULL,NULL),(208,96,47,12,37,47,'comment_575',NULL,NULL),(229,175,210,4,756,766,'comment_576',NULL,NULL),(75,77,195,58,366,376,'comment_577',NULL,NULL),(233,67,196,78,591,601,'comment_578',NULL,NULL),(119,88,300,33,519,529,'comment_579',NULL,NULL),(167,488,57,2,437,447,'comment_580',NULL,NULL),(209,153,110,1,263,273,'comment_581',NULL,NULL),(298,452,112,43,226,236,'comment_582',NULL,NULL),(69,496,17,18,44,54,'comment_583',NULL,NULL),(152,25,204,83,948,958,'comment_584',NULL,NULL),(242,176,293,12,902,912,'comment_585',NULL,NULL),(240,102,126,75,188,198,'comment_586',NULL,NULL),(272,85,255,73,446,456,'comment_587',NULL,NULL),(176,324,155,83,710,720,'comment_588',NULL,NULL),(54,152,164,71,917,927,'comment_589',NULL,NULL),(100,506,225,38,318,328,'comment_590',NULL,NULL),(38,562,177,86,874,884,'comment_591',NULL,NULL),(256,30,201,26,185,195,'comment_592',NULL,NULL),(250,450,161,44,820,830,'comment_593',NULL,NULL),(55,572,114,99,972,982,'comment_594',NULL,NULL),(6,284,62,44,825,835,'comment_595',NULL,NULL),(33,483,297,36,564,574,'comment_596',NULL,NULL),(293,89,129,98,833,843,'comment_597',NULL,NULL),(63,403,188,36,906,916,'comment_598',NULL,NULL),(232,452,112,57,28,38,'comment_599',NULL,NULL),(136,236,57,43,791,801,'comment_600',NULL,NULL),(185,163,206,34,292,302,'comment_601',NULL,NULL),(52,70,78,68,597,607,'comment_602',NULL,NULL),(215,334,64,27,66,76,'comment_603',NULL,NULL),(182,95,117,82,681,691,'comment_604',NULL,NULL),(219,418,29,76,320,330,'comment_605',NULL,NULL),(236,334,64,56,965,975,'comment_606',NULL,NULL),(128,442,295,62,767,777,'comment_607',NULL,NULL),(146,233,275,11,830,840,'comment_608',NULL,NULL),(70,2,16,50,428,438,'comment_609',NULL,NULL),(219,435,88,13,600,610,'comment_610',NULL,NULL),(294,148,113,12,255,265,'comment_611',NULL,NULL),(199,383,46,99,36,46,'comment_612',NULL,NULL),(112,28,56,41,623,633,'comment_613',NULL,NULL),(72,531,99,77,489,499,'comment_614',NULL,NULL),(76,93,224,31,524,534,'comment_615',NULL,NULL),(133,432,83,4,616,626,'comment_616',NULL,NULL),(207,22,187,13,95,105,'comment_617',NULL,NULL),(280,82,15,22,133,143,'comment_618',NULL,NULL),(249,468,41,53,804,814,'comment_619',NULL,NULL),(278,500,117,21,106,116,'comment_620',NULL,NULL),(238,8,240,68,366,376,'comment_621',NULL,NULL),(67,275,296,24,692,702,'comment_622',NULL,NULL),(95,265,2,54,728,738,'comment_623',NULL,NULL),(57,585,185,44,795,805,'comment_624',NULL,NULL),(204,424,158,26,110,120,'comment_625',NULL,NULL),(285,119,19,66,296,306,'comment_626',NULL,NULL),(107,457,44,2,925,935,'comment_627',NULL,NULL),(122,115,222,84,921,931,'comment_628',NULL,NULL),(230,557,230,2,240,250,'comment_629',NULL,NULL),(237,222,269,89,456,466,'comment_630',NULL,NULL),(224,241,5,95,502,512,'comment_631',NULL,NULL),(186,12,287,43,965,975,'comment_632',NULL,NULL),(171,54,290,77,137,147,'comment_633',NULL,NULL),(298,143,131,14,760,770,'comment_634',NULL,NULL),(54,540,254,80,813,823,'comment_635',NULL,NULL),(192,185,219,16,216,226,'comment_636',NULL,NULL),(247,274,144,43,34,44,'comment_637',NULL,NULL),(206,567,4,84,614,624,'comment_638',NULL,NULL),(180,418,29,84,735,745,'comment_639',NULL,NULL),(192,440,277,74,600,610,'comment_640',NULL,NULL),(6,465,202,81,570,580,'comment_641',NULL,NULL),(229,291,131,85,955,965,'comment_642',NULL,NULL),(259,76,280,66,62,72,'comment_643',NULL,NULL),(286,562,177,45,969,979,'comment_644',NULL,NULL),(73,56,209,49,606,616,'comment_645',NULL,NULL),(121,252,292,47,699,709,'comment_646',NULL,NULL),(134,544,285,54,847,857,'comment_647',NULL,NULL),(192,329,172,35,547,557,'comment_648',NULL,NULL),(124,435,88,41,204,214,'comment_649',NULL,NULL),(98,24,158,2,221,231,'comment_650',NULL,NULL),(287,27,141,42,237,247,'comment_651',NULL,NULL),(264,458,61,53,875,885,'comment_652',NULL,NULL),(44,42,165,72,20,30,'comment_653',NULL,NULL),(228,534,87,67,909,919,'comment_654',NULL,NULL),(261,534,87,73,829,839,'comment_655',NULL,NULL),(278,444,263,38,680,690,'comment_656',NULL,NULL),(164,90,190,76,624,634,'comment_657',NULL,NULL),(45,568,72,31,164,174,'comment_658',NULL,NULL),(11,403,188,97,321,331,'comment_659',NULL,NULL),(284,192,140,27,868,878,'comment_660',NULL,NULL),(105,473,179,2,842,852,'comment_661',NULL,NULL),(68,436,229,30,21,31,'comment_662',NULL,NULL),(112,218,168,54,90,100,'comment_663',NULL,NULL),(236,396,222,44,421,431,'comment_664',NULL,NULL),(213,495,44,45,702,712,'comment_665',NULL,NULL),(59,258,229,49,146,156,'comment_666',NULL,NULL),(235,345,130,21,594,604,'comment_667',NULL,NULL),(76,204,145,17,578,588,'comment_668',NULL,NULL),(51,516,9,27,603,613,'comment_669',NULL,NULL),(215,547,138,12,757,767,'comment_670',NULL,NULL),(67,273,182,95,153,163,'comment_671',NULL,NULL),(133,488,57,80,741,751,'comment_672',NULL,NULL),(176,520,245,80,7,17,'comment_673',NULL,NULL),(172,76,280,85,415,425,'comment_674',NULL,NULL),(54,99,138,40,617,627,'comment_675',NULL,NULL),(176,261,283,8,506,516,'comment_676',NULL,NULL),(129,432,83,48,258,268,'comment_677',NULL,NULL),(107,136,118,25,947,957,'comment_678',NULL,NULL),(187,300,38,99,226,236,'comment_679',NULL,NULL),(68,398,299,90,789,799,'comment_680',NULL,NULL),(18,191,235,64,970,980,'comment_681',NULL,NULL),(274,124,29,47,462,472,'comment_682',NULL,NULL),(160,148,113,32,733,743,'comment_683',NULL,NULL),(115,533,30,92,324,334,'comment_684',NULL,NULL),(160,26,293,69,876,886,'comment_685',NULL,NULL),(165,166,6,96,326,336,'comment_686',NULL,NULL),(117,21,296,89,418,428,'comment_687',NULL,NULL),(224,582,80,83,58,68,'comment_688',NULL,NULL),(119,544,285,78,253,263,'comment_689',NULL,NULL),(119,221,170,10,841,851,'comment_690',NULL,NULL),(218,286,100,46,29,39,'comment_691',NULL,NULL),(108,84,199,61,874,884,'comment_692',NULL,NULL),(0,135,279,97,3,13,'comment_693',NULL,NULL),(194,123,105,85,470,480,'comment_694',NULL,NULL),(73,41,148,2,701,711,'comment_695',NULL,NULL),(89,94,30,31,371,381,'comment_696',NULL,NULL),(209,538,189,35,528,538,'comment_697',NULL,NULL),(161,476,247,66,925,935,'comment_698',NULL,NULL),(9,527,64,83,678,688,'comment_699',NULL,NULL),(14,180,250,95,680,690,'comment_700',NULL,NULL),(69,195,83,91,811,821,'comment_701',NULL,NULL),(75,584,111,27,856,866,'comment_702',NULL,NULL),(97,253,166,24,333,343,'comment_703',NULL,NULL),(18,82,15,85,996,1006,'comment_704',NULL,NULL),(65,191,235,61,64,74,'comment_705',NULL,NULL),(73,448,233,21,837,847,'comment_706',NULL,NULL),(51,121,150,95,201,211,'comment_707',NULL,NULL),(168,223,180,9,529,539,'comment_708',NULL,NULL),(230,495,44,10,447,457,'comment_709',NULL,NULL),(170,167,164,30,790,800,'comment_710',NULL,NULL),(114,333,227,8,689,699,'comment_711',NULL,NULL),(295,106,267,8,602,612,'comment_712',NULL,NULL),(200,2,16,47,860,870,'comment_713',NULL,NULL),(96,525,169,11,112,122,'comment_714',NULL,NULL),(174,201,262,19,606,616,'comment_715',NULL,NULL),(59,113,287,29,412,422,'comment_716',NULL,NULL),(67,449,181,33,656,666,'comment_717',NULL,NULL),(70,38,260,7,86,96,'comment_718',NULL,NULL),(110,6,171,98,803,813,'comment_719',NULL,NULL),(217,465,202,74,311,321,'comment_720',NULL,NULL),(208,585,185,79,227,237,'comment_721',NULL,NULL),(13,113,287,99,86,96,'comment_722',NULL,NULL),(116,253,166,68,403,413,'comment_723',NULL,NULL),(121,222,269,51,644,654,'comment_724',NULL,NULL),(52,316,203,54,161,171,'comment_725',NULL,NULL),(124,420,85,27,463,473,'comment_726',NULL,NULL),(299,436,229,65,193,203,'comment_727',NULL,NULL),(111,428,44,82,605,615,'comment_728',NULL,NULL),(277,465,202,67,77,87,'comment_729',NULL,NULL),(233,230,261,99,947,957,'comment_730',NULL,NULL),(57,137,180,16,426,436,'comment_731',NULL,NULL),(175,161,77,82,27,37,'comment_732',NULL,NULL),(221,403,188,90,996,1006,'comment_733',NULL,NULL),(185,350,285,38,197,207,'comment_734',NULL,NULL),(287,161,77,33,389,399,'comment_735',NULL,NULL),(90,527,64,65,310,320,'comment_736',NULL,NULL),(220,592,132,39,155,165,'comment_737',NULL,NULL),(292,456,165,54,577,587,'comment_738',NULL,NULL),(199,340,42,93,689,699,'comment_739',NULL,NULL),(191,390,88,57,497,507,'comment_740',NULL,NULL),(5,257,78,63,44,54,'comment_741',NULL,NULL),(16,456,165,60,243,253,'comment_742',NULL,NULL),(22,45,10,62,963,973,'comment_743',NULL,NULL),(127,437,61,37,134,144,'comment_744',NULL,NULL),(89,234,75,94,488,498,'comment_745',NULL,NULL),(185,147,192,22,495,505,'comment_746',NULL,NULL),(207,66,217,79,221,231,'comment_747',NULL,NULL),(223,568,72,24,69,79,'comment_748',NULL,NULL),(171,16,79,92,309,319,'comment_749',NULL,NULL),(73,277,59,33,887,897,'comment_750',NULL,NULL),(42,207,225,27,984,994,'comment_751',NULL,NULL),(186,254,117,21,582,592,'comment_752',NULL,NULL),(195,350,285,19,156,166,'comment_753',NULL,NULL),(247,131,181,60,120,130,'comment_754',NULL,NULL),(10,344,151,17,828,838,'comment_755',NULL,NULL),(193,179,292,34,425,435,'comment_756',NULL,NULL),(48,21,296,78,916,926,'comment_757',NULL,NULL),(198,293,60,92,260,270,'comment_758',NULL,NULL),(107,155,159,59,881,891,'comment_759',NULL,NULL),(30,282,54,91,445,455,'comment_760',NULL,NULL),(220,39,165,58,766,776,'comment_761',NULL,NULL),(276,182,91,16,636,646,'comment_762',NULL,NULL),(203,574,123,39,428,438,'comment_763',NULL,NULL),(203,432,83,60,755,765,'comment_764',NULL,NULL),(33,42,165,96,647,657,'comment_765',NULL,NULL),(279,426,296,86,943,953,'comment_766',NULL,NULL),(23,43,38,64,231,241,'comment_767',NULL,NULL),(32,543,62,95,765,775,'comment_768',NULL,NULL),(242,309,206,53,97,107,'comment_769',NULL,NULL),(114,442,295,12,940,950,'comment_770',NULL,NULL),(232,350,285,35,410,420,'comment_771',NULL,NULL),(73,281,8,55,408,418,'comment_772',NULL,NULL),(165,289,162,87,438,448,'comment_773',NULL,NULL),(254,161,77,16,205,215,'comment_774',NULL,NULL),(61,68,208,29,391,401,'comment_775',NULL,NULL),(226,519,173,38,201,211,'comment_776',NULL,NULL),(8,168,58,5,242,252,'comment_777',NULL,NULL),(174,426,296,58,511,521,'comment_778',NULL,NULL),(128,397,169,19,548,558,'comment_779',NULL,NULL),(256,268,104,3,495,505,'comment_780',NULL,NULL),(293,382,87,80,997,1007,'comment_781',NULL,NULL),(23,205,46,8,849,859,'comment_782',NULL,NULL),(22,353,32,2,898,908,'comment_783',NULL,NULL),(279,413,97,95,461,471,'comment_784',NULL,NULL),(257,433,232,70,233,243,'comment_785',NULL,NULL),(208,361,260,37,980,990,'comment_786',NULL,NULL),(230,263,10,66,126,136,'comment_787',NULL,NULL),(170,38,260,10,715,725,'comment_788',NULL,NULL),(112,157,83,15,230,240,'comment_789',NULL,NULL),(130,78,189,79,273,283,'comment_790',NULL,NULL),(201,389,290,52,779,789,'comment_791',NULL,NULL),(87,256,206,41,406,416,'comment_792',NULL,NULL),(239,428,44,27,981,991,'comment_793',NULL,NULL),(252,291,131,41,465,475,'comment_794',NULL,NULL),(111,75,280,51,121,131,'comment_795',NULL,NULL),(240,385,78,91,75,85,'comment_796',NULL,NULL),(9,181,298,35,239,249,'comment_797',NULL,NULL),(149,362,183,75,929,939,'comment_798',NULL,NULL),(167,213,60,91,306,316,'comment_799',NULL,NULL),(180,2,16,48,788,798,'comment_800',NULL,NULL),(101,412,173,79,485,495,'comment_801',NULL,NULL),(155,82,15,27,386,396,'comment_802',NULL,NULL),(93,10,133,85,363,373,'comment_803',NULL,NULL),(92,161,77,14,562,572,'comment_804',NULL,NULL),(62,550,3,98,549,559,'comment_805',NULL,NULL),(40,429,132,87,153,163,'comment_806',NULL,NULL),(195,442,295,52,273,283,'comment_807',NULL,NULL),(264,454,25,91,636,646,'comment_808',NULL,NULL),(97,16,79,21,859,869,'comment_809',NULL,NULL),(28,320,87,43,387,397,'comment_810',NULL,NULL),(71,212,174,93,127,137,'comment_811',NULL,NULL),(24,324,155,25,742,752,'comment_812',NULL,NULL),(80,200,117,91,535,545,'comment_813',NULL,NULL),(9,116,119,52,840,850,'comment_814',NULL,NULL),(23,118,120,65,263,273,'comment_815',NULL,NULL),(61,46,111,3,161,171,'comment_816',NULL,NULL),(50,32,38,63,608,618,'comment_817',NULL,NULL),(187,277,59,9,464,474,'comment_818',NULL,NULL),(208,434,225,35,152,162,'comment_819',NULL,NULL),(70,120,284,21,58,68,'comment_820',NULL,NULL),(216,49,226,55,612,622,'comment_821',NULL,NULL),(292,424,158,67,518,528,'comment_822',NULL,NULL),(200,456,165,91,67,77,'comment_823',NULL,NULL),(47,265,2,65,505,515,'comment_824',NULL,NULL),(136,461,225,10,988,998,'comment_825',NULL,NULL),(219,387,254,64,573,583,'comment_826',NULL,NULL),(208,390,88,96,979,989,'comment_827',NULL,NULL),(164,365,110,65,851,861,'comment_828',NULL,NULL),(60,186,244,6,802,812,'comment_829',NULL,NULL),(111,205,46,39,98,108,'comment_830',NULL,NULL),(255,539,282,31,543,553,'comment_831',NULL,NULL),(87,528,165,90,677,687,'comment_832',NULL,NULL),(87,2,16,14,476,486,'comment_833',NULL,NULL),(27,486,31,10,598,608,'comment_834',NULL,NULL),(251,436,229,42,246,256,'comment_835',NULL,NULL),(236,300,38,60,240,250,'comment_836',NULL,NULL),(208,553,53,45,73,83,'comment_837',NULL,NULL),(192,255,190,75,560,570,'comment_838',NULL,NULL),(200,574,123,20,723,733,'comment_839',NULL,NULL),(162,162,297,64,127,137,'comment_840',NULL,NULL),(44,407,12,64,58,68,'comment_841',NULL,NULL),(147,13,110,46,953,963,'comment_842',NULL,NULL),(194,195,83,52,579,589,'comment_843',NULL,NULL),(185,234,75,32,729,739,'comment_844',NULL,NULL),(169,464,141,61,218,228,'comment_845',NULL,NULL),(57,33,102,43,449,459,'comment_846',NULL,NULL),(111,198,158,97,232,242,'comment_847',NULL,NULL),(74,568,72,49,258,268,'comment_848',NULL,NULL),(74,11,107,96,992,1002,'comment_849',NULL,NULL),(229,284,62,12,237,247,'comment_850',NULL,NULL),(140,208,288,47,249,259,'comment_851',NULL,NULL),(255,40,1,27,465,475,'comment_852',NULL,NULL),(269,238,76,50,483,493,'comment_853',NULL,NULL),(286,37,111,73,820,830,'comment_854',NULL,NULL),(271,5,154,92,6,16,'comment_855',NULL,NULL),(197,436,229,98,920,930,'comment_856',NULL,NULL),(132,98,228,53,183,193,'comment_857',NULL,NULL),(24,365,110,87,511,521,'comment_858',NULL,NULL),(108,70,78,69,49,59,'comment_859',NULL,NULL),(284,596,220,32,410,420,'comment_860',NULL,NULL),(201,166,6,66,313,323,'comment_861',NULL,NULL),(286,283,117,62,911,921,'comment_862',NULL,NULL),(57,171,130,46,366,376,'comment_863',NULL,NULL),(8,160,281,3,448,458,'comment_864',NULL,NULL),(139,376,116,68,628,638,'comment_865',NULL,NULL),(291,223,180,21,666,676,'comment_866',NULL,NULL),(292,597,30,26,917,927,'comment_867',NULL,NULL),(239,75,280,53,199,209,'comment_868',NULL,NULL),(45,12,287,67,559,569,'comment_869',NULL,NULL),(40,118,120,27,452,462,'comment_870',NULL,NULL),(27,169,276,2,188,198,'comment_871',NULL,NULL),(172,98,228,10,929,939,'comment_872',NULL,NULL),(107,134,95,17,967,977,'comment_873',NULL,NULL),(232,237,128,3,801,811,'comment_874',NULL,NULL),(237,112,293,7,278,288,'comment_875',NULL,NULL),(136,74,279,72,761,771,'comment_876',NULL,NULL),(208,392,16,17,226,236,'comment_877',NULL,NULL),(121,254,117,99,222,232,'comment_878',NULL,NULL),(105,556,120,15,631,641,'comment_879',NULL,NULL),(35,203,78,72,228,238,'comment_880',NULL,NULL),(206,219,100,21,546,556,'comment_881',NULL,NULL),(288,126,258,35,173,183,'comment_882',NULL,NULL),(120,48,189,53,950,960,'comment_883',NULL,NULL),(15,225,174,38,13,23,'comment_884',NULL,NULL),(280,328,87,9,25,35,'comment_885',NULL,NULL),(111,156,117,67,323,333,'comment_886',NULL,NULL),(276,323,110,31,53,63,'comment_887',NULL,NULL),(158,541,86,60,929,939,'comment_888',NULL,NULL),(268,92,160,18,644,654,'comment_889',NULL,NULL),(299,201,262,54,114,124,'comment_890',NULL,NULL),(149,226,213,67,76,86,'comment_891',NULL,NULL),(220,194,124,64,587,597,'comment_892',NULL,NULL),(226,371,160,7,826,836,'comment_893',NULL,NULL),(242,469,195,51,414,424,'comment_894',NULL,NULL),(298,7,286,88,132,142,'comment_895',NULL,NULL),(145,355,76,44,164,174,'comment_896',NULL,NULL),(140,541,86,76,159,169,'comment_897',NULL,NULL),(256,31,228,65,325,335,'comment_898',NULL,NULL),(105,213,60,92,848,858,'comment_899',NULL,NULL),(262,193,235,40,117,127,'comment_900',NULL,NULL),(290,71,47,28,819,829,'comment_901',NULL,NULL),(40,35,229,86,617,627,'comment_902',NULL,NULL),(141,87,46,18,289,299,'comment_903',NULL,NULL),(175,536,254,3,301,311,'comment_904',NULL,NULL),(52,23,158,65,625,635,'comment_905',NULL,NULL),(146,183,197,34,541,551,'comment_906',NULL,NULL),(214,271,266,94,222,232,'comment_907',NULL,NULL),(166,97,284,68,978,988,'comment_908',NULL,NULL),(95,362,183,7,976,986,'comment_909',NULL,NULL),(37,200,117,59,170,180,'comment_910',NULL,NULL),(29,395,247,65,91,101,'comment_911',NULL,NULL),(297,576,120,24,542,552,'comment_912',NULL,NULL),(107,226,213,81,537,547,'comment_913',NULL,NULL),(6,584,111,81,816,826,'comment_914',NULL,NULL),(280,133,69,57,909,919,'comment_915',NULL,NULL),(152,392,16,21,645,655,'comment_916',NULL,NULL),(22,72,125,74,195,205,'comment_917',NULL,NULL),(288,195,83,21,923,933,'comment_918',NULL,NULL),(138,412,173,55,598,608,'comment_919',NULL,NULL),(184,560,292,88,383,393,'comment_920',NULL,NULL),(86,104,86,38,285,295,'comment_921',NULL,NULL),(35,152,164,52,774,784,'comment_922',NULL,NULL),(149,59,252,37,801,811,'comment_923',NULL,NULL),(141,319,31,76,56,66,'comment_924',NULL,NULL),(161,516,9,44,452,462,'comment_925',NULL,NULL),(51,189,29,69,730,740,'comment_926',NULL,NULL),(172,514,94,23,491,501,'comment_927',NULL,NULL),(100,298,167,88,935,945,'comment_928',NULL,NULL),(217,315,128,44,520,530,'comment_929',NULL,NULL),(61,552,295,79,302,312,'comment_930',NULL,NULL),(270,253,166,29,15,25,'comment_931',NULL,NULL),(147,181,298,87,569,579,'comment_932',NULL,NULL),(10,371,160,42,507,517,'comment_933',NULL,NULL),(267,3,273,15,692,702,'comment_934',NULL,NULL),(177,181,298,38,187,197,'comment_935',NULL,NULL),(200,434,225,93,5,15,'comment_936',NULL,NULL),(154,451,60,76,126,136,'comment_937',NULL,NULL),(54,103,105,21,602,612,'comment_938',NULL,NULL),(22,142,198,69,109,119,'comment_939',NULL,NULL),(266,196,261,84,739,749,'comment_940',NULL,NULL),(23,321,78,28,420,430,'comment_941',NULL,NULL),(123,244,197,18,768,778,'comment_942',NULL,NULL),(280,147,192,89,998,1008,'comment_943',NULL,NULL),(84,182,91,31,405,415,'comment_944',NULL,NULL),(203,102,126,14,843,853,'comment_945',NULL,NULL),(13,472,74,80,186,196,'comment_946',NULL,NULL),(227,333,227,61,48,58,'comment_947',NULL,NULL),(48,329,172,29,672,682,'comment_948',NULL,NULL),(286,343,47,64,216,226,'comment_949',NULL,NULL),(159,13,110,57,45,55,'comment_950',NULL,NULL),(229,349,32,80,334,344,'comment_951',NULL,NULL),(148,48,189,35,197,207,'comment_952',NULL,NULL),(292,121,150,90,524,534,'comment_953',NULL,NULL),(189,458,61,96,915,925,'comment_954',NULL,NULL),(281,202,167,88,776,786,'comment_955',NULL,NULL),(247,453,95,7,816,826,'comment_956',NULL,NULL),(100,37,111,61,340,350,'comment_957',NULL,NULL),(119,72,125,29,287,297,'comment_958',NULL,NULL),(160,61,46,94,294,304,'comment_959',NULL,NULL),(42,222,269,33,369,379,'comment_960',NULL,NULL),(274,418,29,96,337,347,'comment_961',NULL,NULL),(179,279,268,12,325,335,'comment_962',NULL,NULL),(139,536,254,27,628,638,'comment_963',NULL,NULL),(38,551,138,7,69,79,'comment_964',NULL,NULL),(22,200,117,43,876,886,'comment_965',NULL,NULL),(82,571,264,37,51,61,'comment_966',NULL,NULL),(26,53,70,36,451,461,'comment_967',NULL,NULL),(225,108,273,13,815,825,'comment_968',NULL,NULL),(94,116,119,80,143,153,'comment_969',NULL,NULL),(284,298,167,86,404,414,'comment_970',NULL,NULL),(253,4,182,86,625,635,'comment_971',NULL,NULL),(183,533,30,80,686,696,'comment_972',NULL,NULL),(107,438,143,2,47,57,'comment_973',NULL,NULL),(188,136,118,92,872,882,'comment_974',NULL,NULL),(199,392,16,50,540,550,'comment_975',NULL,NULL),(3,436,229,44,122,132,'comment_976',NULL,NULL),(41,293,60,62,651,661,'comment_977',NULL,NULL),(297,543,62,11,729,739,'comment_978',NULL,NULL),(44,413,97,96,176,186,'comment_979',NULL,NULL),(104,515,61,52,399,409,'comment_980',NULL,NULL),(166,332,33,92,365,375,'comment_981',NULL,NULL),(126,335,118,46,828,838,'comment_982',NULL,NULL),(225,39,165,63,740,750,'comment_983',NULL,NULL),(150,107,178,82,321,331,'comment_984',NULL,NULL),(23,329,172,84,779,789,'comment_985',NULL,NULL),(64,253,166,33,478,488,'comment_986',NULL,NULL),(135,170,204,51,281,291,'comment_987',NULL,NULL),(151,121,150,22,227,237,'comment_988',NULL,NULL),(163,378,147,82,696,706,'comment_989',NULL,NULL),(198,409,214,84,133,143,'comment_990',NULL,NULL),(55,498,182,2,136,146,'comment_991',NULL,NULL),(100,72,125,87,766,776,'comment_992',NULL,NULL),(82,131,181,13,41,51,'comment_993',NULL,NULL),(39,119,19,58,330,340,'comment_994',NULL,NULL),(91,571,264,23,278,288,'comment_995',NULL,NULL),(81,253,166,70,953,963,'comment_996',NULL,NULL),(33,474,239,98,283,293,'comment_997',NULL,NULL),(138,490,159,50,640,650,'comment_998',NULL,NULL),(228,457,44,59,165,175,'comment_999',NULL,NULL),(42,513,196,54,646,656,'comment_1000',NULL,NULL),(119,302,42,66,315,325,'comment_1001',NULL,NULL),(121,151,257,22,337,347,'comment_1002',NULL,NULL),(138,487,216,49,673,683,'comment_1003',NULL,NULL),(279,355,76,1,160,170,'comment_1004',NULL,NULL),(16,376,116,90,186,196,'comment_1005',NULL,NULL),(110,255,190,32,840,850,'comment_1006',NULL,NULL),(69,158,129,82,933,943,'comment_1007',NULL,NULL),(252,552,295,69,692,702,'comment_1008',NULL,NULL),(28,126,258,19,986,996,'comment_1009',NULL,NULL),(106,520,245,79,21,31,'comment_1010',NULL,NULL),(28,222,269,24,214,224,'comment_1011',NULL,NULL),(54,228,9,11,598,608,'comment_1012',NULL,NULL),(190,485,161,47,369,379,'comment_1013',NULL,NULL),(278,422,275,1,147,157,'comment_1014',NULL,NULL),(79,429,132,38,523,533,'comment_1015',NULL,NULL),(191,14,19,39,42,52,'comment_1016',NULL,NULL),(28,409,214,19,288,298,'comment_1017',NULL,NULL),(264,344,151,76,105,115,'comment_1018',NULL,NULL),(16,390,88,41,233,243,'comment_1019',NULL,NULL),(138,503,241,69,960,970,'comment_1020',NULL,NULL),(298,425,169,32,787,797,'comment_1021',NULL,NULL),(50,523,154,10,194,204,'comment_1022',NULL,NULL),(237,173,100,44,818,828,'comment_1023',NULL,NULL),(253,145,290,42,927,937,'comment_1024',NULL,NULL),(17,575,79,78,507,517,'comment_1025',NULL,NULL),(60,272,161,99,134,144,'comment_1026',NULL,NULL),(56,102,126,36,607,617,'comment_1027',NULL,NULL),(202,327,249,6,452,462,'comment_1028',NULL,NULL),(119,446,69,24,514,524,'comment_1029',NULL,NULL),(176,553,53,50,823,833,'comment_1030',NULL,NULL),(202,358,56,9,63,73,'comment_1031',NULL,NULL),(92,367,158,12,426,436,'comment_1032',NULL,NULL),(65,94,30,32,671,681,'comment_1033',NULL,NULL),(260,408,248,31,13,23,'comment_1034',NULL,NULL),(143,418,29,56,137,147,'comment_1035',NULL,NULL),(104,207,225,97,97,107,'comment_1036',NULL,NULL),(138,435,88,77,154,164,'comment_1037',NULL,NULL),(284,528,165,46,108,118,'comment_1038',NULL,NULL),(14,248,214,50,294,304,'comment_1039',NULL,NULL),(71,526,45,93,832,842,'comment_1040',NULL,NULL),(192,34,288,63,853,863,'comment_1041',NULL,NULL),(176,360,180,70,713,723,'comment_1042',NULL,NULL),(30,73,72,84,482,492,'comment_1043',NULL,NULL),(18,133,69,99,951,961,'comment_1044',NULL,NULL),(93,167,164,47,904,914,'comment_1045',NULL,NULL),(150,504,148,74,289,299,'comment_1046',NULL,NULL),(183,507,260,7,986,996,'comment_1047',NULL,NULL),(299,215,145,48,468,478,'comment_1048',NULL,NULL),(154,44,280,10,757,767,'comment_1049',NULL,NULL),(32,261,283,5,589,599,'comment_1050',NULL,NULL),(203,19,277,81,103,113,'comment_1051',NULL,NULL),(292,374,58,66,944,954,'comment_1052',NULL,NULL),(210,308,118,9,949,959,'comment_1053',NULL,NULL),(62,157,83,74,108,118,'comment_1054',NULL,NULL),(2,337,12,91,863,873,'comment_1055',NULL,NULL),(199,157,83,12,684,694,'comment_1056',NULL,NULL),(107,148,113,82,191,201,'comment_1057',NULL,NULL),(165,395,247,6,832,842,'comment_1058',NULL,NULL),(217,93,224,78,193,203,'comment_1059',NULL,NULL),(209,203,78,96,662,672,'comment_1060',NULL,NULL),(80,224,190,76,275,285,'comment_1061',NULL,NULL),(154,67,196,3,804,814,'comment_1062',NULL,NULL),(273,366,219,76,119,129,'comment_1063',NULL,NULL),(292,146,221,9,951,961,'comment_1064',NULL,NULL),(54,508,235,20,530,540,'comment_1065',NULL,NULL),(60,269,287,94,591,601,'comment_1066',NULL,NULL),(250,596,220,78,35,45,'comment_1067',NULL,NULL),(4,329,172,92,756,766,'comment_1068',NULL,NULL),(156,391,210,22,669,679,'comment_1069',NULL,NULL),(288,172,195,51,590,600,'comment_1070',NULL,NULL),(16,472,74,49,42,52,'comment_1071',NULL,NULL),(89,482,275,16,830,840,'comment_1072',NULL,NULL),(234,267,237,18,115,125,'comment_1073',NULL,NULL),(0,254,117,62,747,757,'comment_1074',NULL,NULL),(181,102,126,41,345,355,'comment_1075',NULL,NULL),(208,119,19,57,78,88,'comment_1076',NULL,NULL),(220,350,285,46,986,996,'comment_1077',NULL,NULL),(171,1,93,54,914,924,'comment_1078',NULL,NULL),(281,100,228,57,821,831,'comment_1079',NULL,NULL),(124,459,260,45,755,765,'comment_1080',NULL,NULL),(163,211,102,20,59,69,'comment_1081',NULL,NULL),(284,132,167,32,512,522,'comment_1082',NULL,NULL),(50,232,239,40,79,89,'comment_1083',NULL,NULL),(129,81,76,16,175,185,'comment_1084',NULL,NULL),(124,125,24,14,114,124,'comment_1085',NULL,NULL),(107,256,206,84,523,533,'comment_1086',NULL,NULL),(192,583,13,2,22,32,'comment_1087',NULL,NULL),(195,286,100,23,934,944,'comment_1088',NULL,NULL),(214,32,38,81,219,229,'comment_1089',NULL,NULL),(161,231,190,16,733,743,'comment_1090',NULL,NULL),(272,493,13,68,772,782,'comment_1091',NULL,NULL),(95,219,100,84,396,406,'comment_1092',NULL,NULL),(5,350,285,88,751,761,'comment_1093',NULL,NULL),(297,564,269,66,351,361,'comment_1094',NULL,NULL),(291,554,112,46,91,101,'comment_1095',NULL,NULL),(49,267,237,41,661,671,'comment_1096',NULL,NULL),(13,332,33,75,184,194,'comment_1097',NULL,NULL),(267,76,280,62,960,970,'comment_1098',NULL,NULL),(299,29,216,99,784,794,'comment_1099',NULL,NULL),(213,113,287,3,44,54,'comment_1100',NULL,NULL),(9,595,192,43,395,405,'comment_1101',NULL,NULL),(38,385,78,58,665,675,'comment_1102',NULL,NULL),(156,139,183,97,903,913,'comment_1103',NULL,NULL),(235,453,95,86,667,677,'comment_1104',NULL,NULL),(195,69,214,97,654,664,'comment_1105',NULL,NULL),(214,134,95,5,292,302,'comment_1106',NULL,NULL),(280,169,276,71,669,679,'comment_1107',NULL,NULL),(291,598,278,43,576,586,'comment_1108',NULL,NULL),(261,177,42,91,651,661,'comment_1109',NULL,NULL),(241,52,185,97,865,875,'comment_1110',NULL,NULL),(209,306,118,45,145,155,'comment_1111',NULL,NULL),(24,204,145,88,255,265,'comment_1112',NULL,NULL),(57,225,174,79,28,38,'comment_1113',NULL,NULL),(43,476,247,21,686,696,'comment_1114',NULL,NULL),(37,40,1,20,378,388,'comment_1115',NULL,NULL),(28,400,17,24,358,368,'comment_1116',NULL,NULL),(41,291,131,48,193,203,'comment_1117',NULL,NULL),(197,492,266,3,800,810,'comment_1118',NULL,NULL),(231,577,233,23,856,866,'comment_1119',NULL,NULL),(112,189,29,52,135,145,'comment_1120',NULL,NULL),(126,500,117,1,173,183,'comment_1121',NULL,NULL),(152,114,280,57,614,624,'comment_1122',NULL,NULL),(85,235,187,62,291,301,'comment_1123',NULL,NULL),(10,321,78,99,337,347,'comment_1124',NULL,NULL),(98,156,117,18,118,128,'comment_1125',NULL,NULL),(274,247,212,65,424,434,'comment_1126',NULL,NULL),(160,273,182,90,616,626,'comment_1127',NULL,NULL),(108,158,129,5,642,652,'comment_1128',NULL,NULL),(253,441,237,17,155,165,'comment_1129',NULL,NULL),(230,245,179,75,34,44,'comment_1130',NULL,NULL),(123,104,86,8,648,658,'comment_1131',NULL,NULL),(80,474,239,60,465,475,'comment_1132',NULL,NULL),(282,285,111,75,373,383,'comment_1133',NULL,NULL),(152,429,132,67,838,848,'comment_1134',NULL,NULL),(289,381,42,99,306,316,'comment_1135',NULL,NULL),(73,481,21,1,921,931,'comment_1136',NULL,NULL),(85,390,88,40,554,564,'comment_1137',NULL,NULL),(149,595,192,59,365,375,'comment_1138',NULL,NULL),(13,389,290,10,200,210,'comment_1139',NULL,NULL),(197,162,297,84,554,564,'comment_1140',NULL,NULL),(79,500,117,65,94,104,'comment_1141',NULL,NULL),(84,4,182,2,436,446,'comment_1142',NULL,NULL),(140,509,250,33,873,883,'comment_1143',NULL,NULL),(280,440,277,38,32,42,'comment_1144',NULL,NULL),(158,413,97,30,212,222,'comment_1145',NULL,NULL),(172,333,227,59,924,934,'comment_1146',NULL,NULL),(79,166,6,7,571,581,'comment_1147',NULL,NULL),(192,594,155,46,737,747,'comment_1148',NULL,NULL),(164,110,141,23,109,119,'comment_1149',NULL,NULL),(109,502,277,55,183,193,'comment_1150',NULL,NULL),(143,5,154,3,501,511,'comment_1151',NULL,NULL),(18,454,25,25,750,760,'comment_1152',NULL,NULL),(96,364,87,93,196,206,'comment_1153',NULL,NULL),(240,323,110,42,979,989,'comment_1154',NULL,NULL),(260,568,72,14,353,363,'comment_1155',NULL,NULL),(151,591,42,34,830,840,'comment_1156',NULL,NULL),(209,9,73,20,549,559,'comment_1157',NULL,NULL),(188,184,73,30,748,758,'comment_1158',NULL,NULL),(48,495,44,15,787,797,'comment_1159',NULL,NULL),(156,393,92,43,838,848,'comment_1160',NULL,NULL),(274,501,78,89,233,243,'comment_1161',NULL,NULL),(198,479,121,20,84,94,'comment_1162',NULL,NULL),(25,284,62,57,473,483,'comment_1163',NULL,NULL),(41,34,288,91,648,658,'comment_1164',NULL,NULL),(226,44,280,59,485,495,'comment_1165',NULL,NULL),(208,14,19,14,258,268,'comment_1166',NULL,NULL),(291,147,192,18,116,126,'comment_1167',NULL,NULL),(161,262,13,70,644,654,'comment_1168',NULL,NULL),(299,69,214,82,38,48,'comment_1169',NULL,NULL),(210,528,165,81,425,435,'comment_1170',NULL,NULL),(68,36,131,73,926,936,'comment_1171',NULL,NULL),(265,523,154,72,450,460,'comment_1172',NULL,NULL),(175,163,206,86,652,662,'comment_1173',NULL,NULL),(84,186,244,88,177,187,'comment_1174',NULL,NULL),(125,165,148,19,113,123,'comment_1175',NULL,NULL),(90,570,33,41,256,266,'comment_1176',NULL,NULL),(104,178,104,33,822,832,'comment_1177',NULL,NULL),(63,577,233,92,929,939,'comment_1178',NULL,NULL),(120,146,221,71,100,110,'comment_1179',NULL,NULL),(186,273,182,38,708,718,'comment_1180',NULL,NULL),(95,458,61,42,381,391,'comment_1181',NULL,NULL),(108,545,188,24,219,229,'comment_1182',NULL,NULL),(166,145,290,29,680,690,'comment_1183',NULL,NULL),(157,581,13,50,777,787,'comment_1184',NULL,NULL),(226,499,194,95,81,91,'comment_1185',NULL,NULL),(280,436,229,60,219,229,'comment_1186',NULL,NULL),(263,240,95,6,255,265,'comment_1187',NULL,NULL),(129,220,292,66,259,269,'comment_1188',NULL,NULL),(15,372,265,34,638,648,'comment_1189',NULL,NULL),(160,265,2,24,299,309,'comment_1190',NULL,NULL),(141,462,55,63,312,322,'comment_1191',NULL,NULL),(189,239,137,87,633,643,'comment_1192',NULL,NULL),(214,380,91,11,108,118,'comment_1193',NULL,NULL),(135,197,114,20,724,734,'comment_1194',NULL,NULL),(3,32,38,88,645,655,'comment_1195',NULL,NULL),(161,390,88,14,780,790,'comment_1196',NULL,NULL),(31,16,79,10,620,630,'comment_1197',NULL,NULL),(280,368,289,61,831,841,'comment_1198',NULL,NULL),(9,371,160,15,374,384,'comment_1199',NULL,NULL),(84,254,117,1,433,443,'comment_1200',NULL,NULL),(234,287,235,9,217,227,'comment_1201',NULL,NULL),(6,224,190,63,232,242,'comment_1202',NULL,NULL),(291,150,268,43,786,796,'comment_1203',NULL,NULL),(41,574,123,40,170,180,'comment_1204',NULL,NULL),(276,458,61,49,264,274,'comment_1205',NULL,NULL),(111,342,118,90,639,649,'comment_1206',NULL,NULL),(240,536,254,55,895,905,'comment_1207',NULL,NULL),(143,405,255,88,153,163,'comment_1208',NULL,NULL),(7,385,78,34,822,832,'comment_1209',NULL,NULL),(275,374,58,14,572,582,'comment_1210',NULL,NULL),(2,277,59,78,855,865,'comment_1211',NULL,NULL),(282,73,72,98,672,682,'comment_1212',NULL,NULL),(147,107,178,98,649,659,'comment_1213',NULL,NULL),(119,433,232,98,889,899,'comment_1214',NULL,NULL),(109,553,53,48,502,512,'comment_1215',NULL,NULL),(234,451,60,80,701,711,'comment_1216',NULL,NULL),(284,460,223,9,760,770,'comment_1217',NULL,NULL),(113,138,94,12,766,776,'comment_1218',NULL,NULL),(258,486,31,92,419,429,'comment_1219',NULL,NULL),(58,252,292,80,287,297,'comment_1220',NULL,NULL),(158,27,141,5,464,474,'comment_1221',NULL,NULL),(26,74,279,74,371,381,'comment_1222',NULL,NULL),(146,597,30,52,487,497,'comment_1223',NULL,NULL),(82,172,195,28,713,723,'comment_1224',NULL,NULL),(161,325,202,30,89,99,'comment_1225',NULL,NULL),(121,536,254,1,841,851,'comment_1226',NULL,NULL),(163,213,60,3,874,884,'comment_1227',NULL,NULL),(79,354,161,93,783,793,'comment_1228',NULL,NULL),(251,478,204,5,761,771,'comment_1229',NULL,NULL),(39,344,151,78,768,778,'comment_1230',NULL,NULL),(29,107,178,10,189,199,'comment_1231',NULL,NULL),(183,408,248,32,567,577,'comment_1232',NULL,NULL),(182,547,138,47,769,779,'comment_1233',NULL,NULL),(77,166,6,47,721,731,'comment_1234',NULL,NULL),(71,319,31,53,28,38,'comment_1235',NULL,NULL),(290,62,5,32,925,935,'comment_1236',NULL,NULL),(189,394,223,6,96,106,'comment_1237',NULL,NULL),(67,262,13,86,595,605,'comment_1238',NULL,NULL),(97,291,131,53,401,411,'comment_1239',NULL,NULL),(286,40,1,61,603,613,'comment_1240',NULL,NULL),(161,245,179,23,565,575,'comment_1241',NULL,NULL),(272,555,95,60,39,49,'comment_1242',NULL,NULL),(78,566,144,7,838,848,'comment_1243',NULL,NULL),(240,147,192,22,692,702,'comment_1244',NULL,NULL),(7,595,192,29,72,82,'comment_1245',NULL,NULL),(179,489,69,82,698,708,'comment_1246',NULL,NULL),(171,432,83,80,500,510,'comment_1247',NULL,NULL),(181,238,76,39,238,248,'comment_1248',NULL,NULL),(197,544,285,88,742,752,'comment_1249',NULL,NULL),(225,209,282,88,72,82,'comment_1250',NULL,NULL),(112,266,63,76,651,661,'comment_1251',NULL,NULL),(114,421,286,3,697,707,'comment_1252',NULL,NULL),(230,290,197,75,280,290,'comment_1253',NULL,NULL),(30,199,150,47,441,451,'comment_1254',NULL,NULL),(162,226,213,91,501,511,'comment_1255',NULL,NULL),(246,4,182,48,315,325,'comment_1256',NULL,NULL),(251,44,280,8,735,745,'comment_1257',NULL,NULL),(240,224,190,48,643,653,'comment_1258',NULL,NULL),(60,489,69,42,291,301,'comment_1259',NULL,NULL),(148,107,178,9,401,411,'comment_1260',NULL,NULL),(196,298,167,67,314,324,'comment_1261',NULL,NULL),(27,351,241,63,839,849,'comment_1262',NULL,NULL),(183,181,298,16,204,214,'comment_1263',NULL,NULL),(136,394,223,6,735,745,'comment_1264',NULL,NULL),(200,526,45,76,451,461,'comment_1265',NULL,NULL),(188,549,108,7,543,553,'comment_1266',NULL,NULL),(156,599,186,3,990,1000,'comment_1267',NULL,NULL),(255,559,119,90,991,1001,'comment_1268',NULL,NULL),(78,29,216,69,812,822,'comment_1269',NULL,NULL),(6,126,258,41,634,644,'comment_1270',NULL,NULL),(205,113,287,95,971,981,'comment_1271',NULL,NULL),(112,435,88,27,891,901,'comment_1272',NULL,NULL),(253,554,112,77,72,82,'comment_1273',NULL,NULL),(297,548,211,2,773,783,'comment_1274',NULL,NULL),(213,556,120,12,47,57,'comment_1275',NULL,NULL),(150,422,275,71,46,56,'comment_1276',NULL,NULL),(274,450,161,23,409,419,'comment_1277',NULL,NULL),(118,6,171,23,918,928,'comment_1278',NULL,NULL),(123,237,128,16,54,64,'comment_1279',NULL,NULL),(103,398,299,38,897,907,'comment_1280',NULL,NULL),(49,50,204,37,833,843,'comment_1281',NULL,NULL),(212,558,292,17,308,318,'comment_1282',NULL,NULL),(69,497,137,37,936,946,'comment_1283',NULL,NULL),(64,216,34,49,205,215,'comment_1284',NULL,NULL),(279,522,128,7,899,909,'comment_1285',NULL,NULL),(26,339,97,74,614,624,'comment_1286',NULL,NULL),(142,346,58,81,941,951,'comment_1287',NULL,NULL),(143,394,223,85,963,973,'comment_1288',NULL,NULL),(93,137,180,28,103,113,'comment_1289',NULL,NULL),(56,409,214,49,59,69,'comment_1290',NULL,NULL),(210,544,285,48,471,481,'comment_1291',NULL,NULL),(5,32,38,81,652,662,'comment_1292',NULL,NULL),(87,298,167,57,212,222,'comment_1293',NULL,NULL),(284,540,254,49,370,380,'comment_1294',NULL,NULL),(151,58,186,21,703,713,'comment_1295',NULL,NULL),(39,452,112,11,203,213,'comment_1296',NULL,NULL),(194,35,229,2,829,839,'comment_1297',NULL,NULL),(223,229,140,81,967,977,'comment_1298',NULL,NULL),(259,228,9,44,396,406,'comment_1299',NULL,NULL),(26,278,88,62,4,14,'comment_1300',NULL,NULL),(19,29,216,85,954,964,'comment_1301',NULL,NULL),(242,186,244,83,366,376,'comment_1302',NULL,NULL),(1,98,228,2,838,848,'comment_1303',NULL,NULL),(250,464,141,81,785,795,'comment_1304',NULL,NULL),(162,482,275,13,829,839,'comment_1305',NULL,NULL),(146,519,173,71,21,31,'comment_1306',NULL,NULL),(4,328,87,89,571,581,'comment_1307',NULL,NULL),(14,235,187,29,795,805,'comment_1308',NULL,NULL),(162,278,88,65,634,644,'comment_1309',NULL,NULL),(179,30,201,67,846,856,'comment_1310',NULL,NULL),(240,26,293,13,536,546,'comment_1311',NULL,NULL),(179,546,237,77,47,57,'comment_1312',NULL,NULL),(220,302,42,48,332,342,'comment_1313',NULL,NULL),(13,535,166,71,304,314,'comment_1314',NULL,NULL),(136,150,268,43,581,591,'comment_1315',NULL,NULL),(229,253,166,4,898,908,'comment_1316',NULL,NULL),(179,399,246,80,832,842,'comment_1317',NULL,NULL),(51,575,79,32,386,396,'comment_1318',NULL,NULL),(299,302,42,6,167,177,'comment_1319',NULL,NULL),(264,564,269,14,639,649,'comment_1320',NULL,NULL),(7,322,186,15,535,545,'comment_1321',NULL,NULL),(51,150,268,51,993,1003,'comment_1322',NULL,NULL),(33,382,87,65,83,93,'comment_1323',NULL,NULL),(90,241,5,18,445,455,'comment_1324',NULL,NULL),(248,223,180,73,753,763,'comment_1325',NULL,NULL),(158,106,267,5,407,417,'comment_1326',NULL,NULL),(86,372,265,42,450,460,'comment_1327',NULL,NULL),(156,383,46,85,682,692,'comment_1328',NULL,NULL),(260,411,85,8,963,973,'comment_1329',NULL,NULL),(279,446,69,88,391,401,'comment_1330',NULL,NULL),(266,274,144,71,538,548,'comment_1331',NULL,NULL),(261,288,97,58,475,485,'comment_1332',NULL,NULL),(93,537,275,2,336,346,'comment_1333',NULL,NULL),(282,512,81,77,860,870,'comment_1334',NULL,NULL),(244,163,206,54,495,505,'comment_1335',NULL,NULL),(215,406,12,59,587,597,'comment_1336',NULL,NULL),(107,562,177,66,478,488,'comment_1337',NULL,NULL),(225,501,78,43,107,117,'comment_1338',NULL,NULL),(32,593,142,85,157,167,'comment_1339',NULL,NULL),(270,334,64,78,88,98,'comment_1340',NULL,NULL),(93,483,297,8,148,158,'comment_1341',NULL,NULL),(235,374,58,77,137,147,'comment_1342',NULL,NULL),(190,86,134,92,912,922,'comment_1343',NULL,NULL),(79,67,196,50,93,103,'comment_1344',NULL,NULL),(52,401,7,25,698,708,'comment_1345',NULL,NULL),(120,428,44,7,514,524,'comment_1346',NULL,NULL),(64,580,13,96,900,910,'comment_1347',NULL,NULL),(12,378,147,62,8,18,'comment_1348',NULL,NULL),(30,258,229,5,589,599,'comment_1349',NULL,NULL),(158,22,187,19,261,271,'comment_1350',NULL,NULL),(298,181,298,20,116,126,'comment_1351',NULL,NULL),(187,87,46,85,852,862,'comment_1352',NULL,NULL),(274,96,47,4,43,53,'comment_1353',NULL,NULL),(124,394,223,21,603,613,'comment_1354',NULL,NULL),(176,48,189,27,923,933,'comment_1355',NULL,NULL),(257,301,169,33,455,465,'comment_1356',NULL,NULL),(250,178,104,58,118,128,'comment_1357',NULL,NULL),(263,332,33,56,649,659,'comment_1358',NULL,NULL),(198,112,293,11,56,66,'comment_1359',NULL,NULL),(66,220,292,9,553,563,'comment_1360',NULL,NULL),(201,109,193,73,137,147,'comment_1361',NULL,NULL),(249,503,241,21,659,669,'comment_1362',NULL,NULL),(42,591,42,48,236,246,'comment_1363',NULL,NULL),(118,242,20,22,276,286,'comment_1364',NULL,NULL),(195,413,97,93,51,61,'comment_1365',NULL,NULL),(63,253,166,63,235,245,'comment_1366',NULL,NULL),(110,192,140,71,432,442,'comment_1367',NULL,NULL),(73,213,60,88,357,367,'comment_1368',NULL,NULL),(233,32,38,36,231,241,'comment_1369',NULL,NULL),(3,262,13,25,875,885,'comment_1370',NULL,NULL),(63,71,47,49,132,142,'comment_1371',NULL,NULL),(41,178,104,24,69,79,'comment_1372',NULL,NULL),(191,240,95,94,923,933,'comment_1373',NULL,NULL),(174,284,62,33,498,508,'comment_1374',NULL,NULL),(284,320,87,43,328,338,'comment_1375',NULL,NULL),(201,471,203,58,784,794,'comment_1376',NULL,NULL),(249,588,141,76,146,156,'comment_1377',NULL,NULL),(9,188,168,97,808,818,'comment_1378',NULL,NULL),(265,37,111,86,845,855,'comment_1379',NULL,NULL),(137,447,5,77,790,800,'comment_1380',NULL,NULL),(198,164,225,59,761,771,'comment_1381',NULL,NULL),(214,195,83,62,899,909,'comment_1382',NULL,NULL),(225,304,171,49,13,23,'comment_1383',NULL,NULL),(113,127,126,42,517,527,'comment_1384',NULL,NULL),(30,391,210,58,420,430,'comment_1385',NULL,NULL),(26,291,131,95,856,866,'comment_1386',NULL,NULL),(15,170,204,94,72,82,'comment_1387',NULL,NULL),(240,78,189,73,707,717,'comment_1388',NULL,NULL),(44,399,246,91,263,273,'comment_1389',NULL,NULL),(23,269,287,17,95,105,'comment_1390',NULL,NULL),(53,476,247,85,64,74,'comment_1391',NULL,NULL),(58,268,104,8,152,162,'comment_1392',NULL,NULL),(287,298,167,9,477,487,'comment_1393',NULL,NULL),(21,101,274,33,66,76,'comment_1394',NULL,NULL),(277,500,117,28,529,539,'comment_1395',NULL,NULL),(9,460,223,78,340,350,'comment_1396',NULL,NULL),(195,528,165,94,67,77,'comment_1397',NULL,NULL),(49,175,210,58,955,965,'comment_1398',NULL,NULL),(292,326,192,61,778,788,'comment_1399',NULL,NULL),(97,101,274,4,777,787,'comment_1400',NULL,NULL),(206,355,76,57,812,822,'comment_1401',NULL,NULL),(177,527,64,61,313,323,'comment_1402',NULL,NULL),(223,312,62,65,312,322,'comment_1403',NULL,NULL),(236,10,133,36,70,80,'comment_1404',NULL,NULL),(210,285,111,55,540,550,'comment_1405',NULL,NULL),(232,156,117,3,217,227,'comment_1406',NULL,NULL),(226,75,280,49,906,916,'comment_1407',NULL,NULL),(293,188,168,19,158,168,'comment_1408',NULL,NULL),(51,74,279,99,488,498,'comment_1409',NULL,NULL),(127,416,271,68,905,915,'comment_1410',NULL,NULL),(59,599,186,82,77,87,'comment_1411',NULL,NULL),(295,560,292,39,827,837,'comment_1412',NULL,NULL),(84,478,204,12,344,354,'comment_1413',NULL,NULL),(211,86,134,90,749,759,'comment_1414',NULL,NULL),(272,33,102,67,974,984,'comment_1415',NULL,NULL),(1,476,247,50,948,958,'comment_1416',NULL,NULL),(190,376,116,23,281,291,'comment_1417',NULL,NULL),(249,500,117,94,575,585,'comment_1418',NULL,NULL),(128,418,29,81,361,371,'comment_1419',NULL,NULL),(239,311,233,77,316,326,'comment_1420',NULL,NULL),(123,587,274,18,139,149,'comment_1421',NULL,NULL),(84,301,169,66,842,852,'comment_1422',NULL,NULL),(115,188,168,63,581,591,'comment_1423',NULL,NULL),(213,439,279,79,920,930,'comment_1424',NULL,NULL),(294,344,151,91,325,335,'comment_1425',NULL,NULL),(123,255,190,17,280,290,'comment_1426',NULL,NULL),(263,202,167,3,825,835,'comment_1427',NULL,NULL),(98,61,46,83,67,77,'comment_1428',NULL,NULL),(209,510,281,42,412,422,'comment_1429',NULL,NULL),(59,121,150,28,124,134,'comment_1430',NULL,NULL),(122,585,185,76,123,133,'comment_1431',NULL,NULL),(271,177,42,26,675,685,'comment_1432',NULL,NULL),(21,16,79,21,320,330,'comment_1433',NULL,NULL),(226,26,293,52,745,755,'comment_1434',NULL,NULL),(26,515,61,1,440,450,'comment_1435',NULL,NULL),(184,576,120,71,62,72,'comment_1436',NULL,NULL),(292,121,150,51,298,308,'comment_1437',NULL,NULL),(141,158,129,26,327,337,'comment_1438',NULL,NULL),(223,595,192,7,422,432,'comment_1439',NULL,NULL),(88,374,58,18,479,489,'comment_1440',NULL,NULL),(177,152,164,48,971,981,'comment_1441',NULL,NULL),(141,475,218,90,89,99,'comment_1442',NULL,NULL),(127,153,110,43,34,44,'comment_1443',NULL,NULL),(113,241,5,71,275,285,'comment_1444',NULL,NULL),(298,442,295,28,876,886,'comment_1445',NULL,NULL),(96,103,105,93,698,708,'comment_1446',NULL,NULL),(261,189,29,21,963,973,'comment_1447',NULL,NULL),(266,63,236,9,767,777,'comment_1448',NULL,NULL),(157,531,99,10,514,524,'comment_1449',NULL,NULL),(171,268,104,39,602,612,'comment_1450',NULL,NULL),(192,200,117,84,503,513,'comment_1451',NULL,NULL),(207,366,219,3,675,685,'comment_1452',NULL,NULL),(127,274,144,57,918,928,'comment_1453',NULL,NULL),(12,73,72,32,509,519,'comment_1454',NULL,NULL),(170,57,207,31,718,728,'comment_1455',NULL,NULL),(295,314,195,50,596,606,'comment_1456',NULL,NULL),(55,337,12,97,400,410,'comment_1457',NULL,NULL),(33,135,279,50,620,630,'comment_1458',NULL,NULL),(41,577,233,97,769,779,'comment_1459',NULL,NULL),(117,393,92,27,429,439,'comment_1460',NULL,NULL),(21,498,182,29,920,930,'comment_1461',NULL,NULL),(163,108,273,28,760,770,'comment_1462',NULL,NULL),(280,268,104,61,264,274,'comment_1463',NULL,NULL),(168,133,69,55,576,586,'comment_1464',NULL,NULL),(139,306,118,33,502,512,'comment_1465',NULL,NULL),(214,539,282,64,846,856,'comment_1466',NULL,NULL),(23,232,239,9,465,475,'comment_1467',NULL,NULL),(82,186,244,55,160,170,'comment_1468',NULL,NULL),(21,215,145,80,847,857,'comment_1469',NULL,NULL),(24,306,118,30,952,962,'comment_1470',NULL,NULL),(26,195,83,45,268,278,'comment_1471',NULL,NULL),(249,245,179,43,153,163,'comment_1472',NULL,NULL),(6,369,202,85,767,777,'comment_1473',NULL,NULL),(105,175,210,37,894,904,'comment_1474',NULL,NULL),(205,269,287,64,368,378,'comment_1475',NULL,NULL),(256,290,197,42,826,836,'comment_1476',NULL,NULL),(217,160,281,39,901,911,'comment_1477',NULL,NULL),(224,331,68,86,725,735,'comment_1478',NULL,NULL),(284,341,71,42,895,905,'comment_1479',NULL,NULL),(150,383,46,16,668,678,'comment_1480',NULL,NULL),(96,222,269,17,214,224,'comment_1481',NULL,NULL),(265,245,179,77,979,989,'comment_1482',NULL,NULL),(204,515,61,15,49,59,'comment_1483',NULL,NULL),(16,157,83,65,135,145,'comment_1484',NULL,NULL),(135,105,47,90,516,526,'comment_1485',NULL,NULL),(247,508,235,84,957,967,'comment_1486',NULL,NULL),(6,473,179,79,303,313,'comment_1487',NULL,NULL),(36,63,236,17,767,777,'comment_1488',NULL,NULL),(144,448,233,76,123,133,'comment_1489',NULL,NULL),(265,51,126,87,932,942,'comment_1490',NULL,NULL),(128,273,182,53,476,486,'comment_1491',NULL,NULL),(150,346,58,97,6,16,'comment_1492',NULL,NULL),(178,571,264,22,995,1005,'comment_1493',NULL,NULL),(176,305,8,13,975,985,'comment_1494',NULL,NULL),(25,511,1,5,827,837,'comment_1495',NULL,NULL),(29,131,181,98,632,642,'comment_1496',NULL,NULL),(63,313,46,7,872,882,'comment_1497',NULL,NULL),(106,83,215,15,981,991,'comment_1498',NULL,NULL),(267,223,180,56,111,121,'comment_1499',NULL,NULL),(104,383,46,65,808,818,'comment_1500',NULL,NULL);
/*!40000 ALTER TABLE `goods_in_order` ENABLE KEYS */;
UNLOCK TABLES;
/*!50003 SET @saved_cs_client      = @@character_set_client */ ;
/*!50003 SET @saved_cs_results     = @@character_set_results */ ;
/*!50003 SET @saved_col_connection = @@collation_connection */ ;
/*!50003 SET character_set_client  = utf8 */ ;
/*!50003 SET character_set_results = utf8 */ ;
/*!50003 SET collation_connection  = utf8_general_ci */ ;
/*!50003 SET @saved_sql_mode       = @@sql_mode */ ;
/*!50003 SET sql_mode              = '' */ ;
DELIMITER ;;
/*!50003 CREATE*/ /*!50017 DEFINER=`root`@`localhost`*/ /*!50003 TRIGGER update_score
AFTER UPDATE ON goods_in_order
FOR EACH ROW
BEGIN
       declare temp2 int;
    if new.evaluate_score != old.evaluate_score then
       set temp2 = (select shop_id from goods where goods_id = new.goods_id);

       update shop set evaluate_sum = evaluate_sum + new.evaluate_score where shop_id = temp2;
       update shop set evaluate_number = evaluate_number + 1 where shop_id = temp2;

       update goods_in_order set evaluate_time = now()
	      where order_id = new.order_id and goods_id = new.goods_id and attribute_id = new.attribute_id;
    end if;
 END */;;
DELIMITER ;
/*!50003 SET sql_mode              = @saved_sql_mode */ ;
/*!50003 SET character_set_client  = @saved_cs_client */ ;
/*!50003 SET character_set_results = @saved_cs_results */ ;
/*!50003 SET collation_connection  = @saved_col_connection */ ;

/*!50003 SET @saved_cs_client      = @@character_set_client */ ;
/*!50003 SET @saved_cs_results     = @@character_set_results */ ;
/*!50003 SET @saved_col_connection = @@collation_connection */ ;
/*!50003 SET character_set_client  = utf8 */ ;
/*!50003 SET character_set_results = utf8 */ ;
/*!50003 SET collation_connection  = utf8_general_ci */ ;
/*!50003 SET @saved_sql_mode       = @@sql_mode */ ;
/*!50003 SET sql_mode              = '' */ ;
DELIMITER ;;
/*!50003 CREATE*/ /*!50017 DEFINER=`root`@`localhost`*/ /*!50003 TRIGGER `pay_order`
AFTER UPDATE ON `goods_order`
FOR EACH ROW
BEGIN
    DECLARE attr_id, g_id, g_num INT;
    DECLARE done INT DEFAULT FALSE;
    DECLARE cur1 CURSOR FOR
            SELECT attribute_id, goods_id, goods_num
            from goods_in_order
            where order_id = new.order_id;
    DECLARE CONTINUE HANDLER FOR NOT FOUND SET done = TRUE;
    if old.order_status = "待付款" and new.order_status = "待发货" then
        update receiver set used_times = used_times + 1 where receiver_id = new.receiver_id;
		open cur1;

        read_loop: LOOP
            FETCH cur1 INTO attr_id, g_id, g_num;
            IF done THEN
                LEAVE read_loop;
            end if;
            update goods_attribute set inventory = inventory - g_num where attribute_id = attr_id;
            update goods set sales = sales + g_num where goods_id = g_id;
        END LOOP;

        CLOSE cur1;
        end if;
END */;;
DELIMITER ;
/*!50003 SET sql_mode              = @saved_sql_mode */ ;
/*!50003 SET character_set_client  = @saved_cs_client */ ;
/*!50003 SET character_set_results = @saved_cs_results */ ;
/*!50003 SET collation_connection  = @saved_col_connection */ ;



--
-- Table structure for table `shopping_cart`
--

DROP TABLE IF EXISTS `shopping_cart`;
/*!40101 SET @saved_cs_client     = @@character_set_client */;
/*!40101 SET character_set_client = utf8 */;
CREATE TABLE `shopping_cart` (
  `id` bigint(20) NOT NULL AUTO_INCREMENT,
  `user_id` int(11) NOT NULL,
  `attribute_id` int(11) NOT NULL,
  `goods_id` int(11) NOT NULL,
  `goods_num` int(11) NOT NULL,
  `is_valid` tinyint(1) NOT NULL DEFAULT '1',
  PRIMARY KEY (`id`),
  KEY `user_id` (`user_id`),
  KEY `FK_shopping_cart_attr` (`attribute_id`),
  CONSTRAINT `FK_shopping_cart_user` FOREIGN KEY (`user_id`) REFERENCES `user` (`user_id`) ON UPDATE CASCADE,
  CONSTRAINT `FK_shopping_cart_attr` FOREIGN KEY (`attribute_id`) REFERENCES `goods_attribute` (`attribute_id`) ON UPDATE CASCADE
) ENGINE=InnoDB AUTO_INCREMENT=512 DEFAULT CHARSET=utf8mb4 COLLATE=utf8mb4_unicode_ci;
/*!40101 SET character_set_client = @saved_cs_client */;

--
-- Dumping data for table `shopping_cart`
--

LOCK TABLES `shopping_cart` WRITE;
/*!40000 ALTER TABLE `shopping_cart` DISABLE KEYS */;
INSERT INTO `shopping_cart` VALUES (1,33,510,281,86,1),(2,13,214,9,88,1),(3,24,142,198,16,1),(4,4,77,195,48,1),(5,35,521,29,44,1),(6,13,233,275,14,1),(7,1,348,193,37,1),(8,23,428,44,47,1),(9,43,429,132,1,1),(10,12,211,102,54,1),(11,19,316,203,90,1),(12,22,50,204,90,1),(13,37,262,13,57,1),(14,28,335,118,29,1),(15,31,290,197,19,1),(16,32,575,79,62,1),(17,17,537,275,41,1),(18,8,37,111,33,1),(19,37,112,293,90,1),(20,43,506,225,25,1),(21,12,469,195,58,1),(22,42,287,235,75,1),(23,15,108,273,85,1),(24,13,547,138,84,1),(25,33,24,158,49,1),(26,38,556,120,51,1),(27,38,289,162,96,1),(28,17,257,78,77,1),(29,25,567,4,83,1),(30,44,553,53,52,1),(31,27,295,46,52,1),(32,12,406,12,69,1),(33,9,499,194,87,1),(34,42,363,85,24,1),(35,12,428,44,24,1),(36,11,12,287,32,1),(37,45,549,108,62,1),(38,18,338,190,47,1),(39,4,55,52,34,1),(40,45,231,190,22,1),(41,5,374,58,62,1),(42,3,303,65,45,1),(43,8,66,217,60,1),(44,12,174,277,60,1),(45,38,217,219,76,1),(46,24,381,42,23,1),(47,49,391,210,64,1),(48,30,535,166,37,1),(49,27,355,76,74,1),(50,26,560,292,64,1),(51,23,105,47,31,1),(52,25,161,77,33,1),(53,27,63,236,39,1),(54,41,270,127,40,1),(55,35,233,275,16,1),(56,40,223,180,15,1),(57,45,546,237,87,1),(58,40,44,280,29,1),(59,39,173,100,15,1),(60,19,51,126,28,1),(61,26,478,204,21,1),(62,35,300,38,41,1),(63,9,274,144,61,1),(64,9,50,204,65,1),(65,26,343,47,75,1),(66,24,379,86,13,1),(67,11,170,204,13,1),(68,36,264,247,30,1),(69,15,256,206,15,1),(70,5,94,30,98,1),(71,50,114,280,3,1),(72,4,89,129,86,1),(73,21,73,72,94,1),(74,11,484,286,84,1),(75,33,542,78,18,1),(76,28,569,288,64,1),(77,20,593,142,50,1),(78,5,155,159,36,1),(79,17,390,88,57,1),(80,28,556,120,87,1),(81,18,260,230,88,1),(82,7,559,119,92,1),(83,20,413,97,28,1),(84,37,235,187,34,1),(85,45,47,167,50,1),(86,32,329,172,89,1),(87,37,208,288,69,1),(88,10,477,41,73,1),(89,36,84,199,30,1),(90,8,400,17,49,1),(91,43,29,216,62,1),(92,18,296,270,87,1),(93,16,405,255,62,1),(94,49,276,164,48,1),(95,24,312,62,10,1),(96,17,7,286,20,1),(97,4,338,190,90,1),(98,43,26,293,30,1),(99,23,536,254,71,1),(100,8,73,72,25,1),(101,2,532,149,87,1),(102,7,474,239,65,1),(103,26,444,263,35,1),(104,29,161,77,94,1),(105,28,110,141,28,1),(106,6,335,118,49,1),(107,43,101,274,21,1),(108,8,104,86,94,1),(109,5,498,182,3,1),(110,5,120,284,4,1),(111,33,229,140,79,1),(112,9,132,167,20,1),(113,39,141,195,14,1),(114,47,66,217,90,1),(115,14,495,44,80,1),(116,39,272,161,33,1),(117,3,79,204,35,1),(118,40,371,160,55,1),(119,17,529,230,66,1),(120,16,35,229,93,1),(121,44,241,5,85,1),(122,50,223,180,7,1),(123,1,134,95,39,1),(124,11,24,158,44,1),(125,33,170,204,70,1),(126,40,283,117,25,1),(127,46,473,179,28,1),(128,10,125,24,67,1),(129,18,217,219,71,1),(130,50,83,215,10,1),(131,9,148,113,7,1),(132,2,343,47,47,1),(133,33,295,46,96,1),(134,32,445,28,87,1),(135,24,107,178,13,1),(136,38,342,118,99,1),(137,31,531,99,92,1),(138,46,278,88,16,1),(139,43,287,235,56,1),(140,24,207,225,21,1),(141,45,508,235,7,1),(142,42,466,270,94,1),(143,21,70,78,1,1),(144,25,202,167,36,1),(145,46,185,219,91,1),(146,4,409,214,45,1),(147,35,296,270,27,1),(148,42,278,88,74,1),(149,15,125,24,37,1),(150,22,117,53,82,1),(151,26,40,1,4,1),(152,22,486,31,84,1),(153,15,478,204,30,1),(154,2,500,117,76,1),(155,47,224,190,69,1),(156,32,171,130,73,1),(157,50,25,204,17,1),(158,44,361,260,25,1),(159,27,352,277,60,1),(160,19,318,211,99,1),(161,17,589,274,46,1),(162,32,464,141,10,1),(163,18,37,111,32,1),(164,5,451,60,12,1),(165,29,454,25,34,1),(166,11,153,110,9,1),(167,39,136,118,34,1),(168,46,85,255,2,1),(169,29,279,268,29,1),(170,27,507,260,65,1),(171,17,375,243,35,1),(172,44,143,131,40,1),(173,50,276,164,77,1),(174,3,243,64,42,1),(175,31,598,278,73,1),(176,29,428,44,57,1),(177,2,39,165,39,1),(178,36,429,132,43,1),(179,24,324,155,48,1),(180,30,304,171,84,1),(181,23,31,228,37,1),(182,30,599,186,8,1),(183,26,94,30,80,1),(184,23,193,235,80,1),(185,25,547,138,89,1),(186,29,427,16,70,1),(187,18,355,76,94,1),(188,41,108,273,81,1),(189,43,46,111,51,1),(190,4,271,266,63,1),(191,40,500,117,16,1),(192,21,122,120,56,1),(193,27,304,171,87,1),(194,25,129,257,45,1),(195,23,153,110,36,1),(196,48,477,41,91,1),(197,11,405,255,23,1),(198,2,72,125,56,1),(199,20,163,206,98,1),(200,39,107,178,74,1),(201,41,410,295,47,1),(202,42,352,277,54,1),(203,37,74,279,31,1),(204,23,100,228,56,1),(205,8,176,293,70,1),(206,18,548,211,46,1),(207,35,547,138,36,1),(208,12,107,178,78,1),(209,31,360,180,13,1),(210,23,429,132,89,1),(211,14,370,45,88,1),(212,28,460,223,47,1),(213,48,201,262,72,1),(214,46,39,165,40,1),(215,46,414,255,33,1),(216,23,71,47,35,1),(217,7,140,235,18,1),(218,12,377,138,71,1),(219,29,288,97,80,1),(220,2,270,127,89,1),(221,38,242,20,65,1),(222,26,207,225,21,1),(223,38,287,235,13,1),(224,50,184,73,27,1),(225,39,379,86,8,1),(226,27,424,158,88,1),(227,10,549,108,63,1),(228,4,205,46,49,1),(229,7,416,271,3,1),(230,38,496,17,20,1),(231,41,199,150,74,1),(232,4,286,100,11,1),(233,18,261,283,84,1),(234,21,301,169,24,1),(235,38,400,17,84,1),(236,26,238,76,35,1),(237,3,114,280,22,1),(238,8,576,120,77,1),(239,50,281,8,79,1),(240,11,437,61,40,1),(241,16,376,116,46,1),(242,28,468,41,83,1),(243,25,572,114,3,1),(244,6,39,165,72,1),(245,16,461,225,31,1),(246,50,99,138,11,1),(247,34,574,123,44,1),(248,22,578,152,49,1),(249,29,487,216,92,1),(250,31,236,57,52,1),(251,31,198,158,20,1),(252,17,264,247,55,1),(253,15,391,210,78,1),(254,15,265,2,6,1),(255,14,422,275,56,1),(256,2,288,97,43,1),(257,5,389,290,50,1),(258,36,323,110,40,1),(259,46,396,222,61,1),(260,43,177,42,12,1),(261,17,407,12,12,1),(262,8,438,143,32,1),(263,21,554,112,83,1),(264,24,520,245,48,1),(265,37,36,131,51,1),(266,1,349,32,75,1),(267,39,352,277,55,1),(268,7,406,12,9,1),(269,10,343,47,13,1),(270,49,339,97,45,1),(271,35,333,227,43,1),(272,36,101,274,51,1),(273,27,358,56,50,1),(274,34,580,13,42,1),(275,13,453,95,98,1),(276,31,542,78,50,1),(277,40,592,132,3,1),(278,20,432,83,5,1),(279,48,288,97,2,1),(280,4,398,299,83,1),(281,15,396,222,2,1),(282,14,232,239,75,1),(283,17,169,276,56,1),(284,40,597,30,21,1),(285,1,580,13,76,1),(286,9,45,10,77,1),(287,19,125,24,63,1),(288,36,466,270,83,1),(289,47,86,134,75,1),(290,47,435,88,1,1),(291,32,139,183,67,1),(292,18,555,95,86,1),(293,13,568,72,87,1),(294,37,236,57,53,1),(295,16,78,189,29,1),(296,36,128,67,64,1),(297,49,238,76,34,1),(298,46,56,209,91,1),(299,30,443,220,45,1),(300,13,190,224,7,1),(301,41,338,190,20,1),(302,4,19,277,28,1),(303,35,286,100,77,1),(304,12,48,189,20,1),(305,20,237,128,97,1),(306,23,352,277,6,1),(307,50,440,277,93,1),(308,44,138,94,63,1),(309,26,335,118,19,1),(310,42,14,19,61,1),(311,48,276,164,69,1),(312,10,68,208,49,1),(313,39,221,170,68,1),(314,6,55,52,84,1),(315,2,518,203,17,1),(316,27,38,260,39,1),(317,40,210,54,31,1),(318,8,311,233,53,1),(319,20,206,92,87,1),(320,22,581,13,9,1),(321,10,174,277,15,1),(322,17,323,110,72,1),(323,14,382,87,67,1),(324,8,71,47,84,1),(325,40,328,87,74,1),(326,23,32,38,69,1),(327,48,508,235,27,1),(328,10,547,138,80,1),(329,8,556,120,22,1),(330,22,26,293,90,1),(331,12,449,181,96,1),(332,23,258,229,53,1),(333,2,177,42,93,1),(334,40,490,159,89,1),(335,48,149,297,62,1),(336,42,590,192,4,1),(337,46,364,87,23,1),(338,13,511,1,6,1),(339,36,72,125,17,1),(340,40,230,261,73,1),(341,19,501,78,35,1),(342,20,314,195,70,1),(343,5,336,44,27,1),(344,10,540,254,70,1),(345,45,131,181,84,1),(346,10,228,9,85,1),(347,35,20,202,11,1),(348,7,67,196,87,1),(349,38,79,204,72,1),(350,44,15,285,49,1),(351,50,206,92,22,1),(352,13,474,239,7,1),(353,1,45,10,75,1),(354,31,150,268,90,1),(355,10,361,260,38,1),(356,27,55,52,86,1),(357,10,215,145,9,1),(358,4,499,194,27,1),(359,19,7,286,20,1),(360,15,494,92,10,1),(361,11,289,162,83,1),(362,23,88,300,35,1),(363,23,501,78,17,1),(364,11,503,241,23,1),(365,32,335,118,42,1),(366,31,394,223,33,1),(367,48,173,100,98,1),(368,34,282,54,63,1),(369,48,385,78,25,1),(370,28,553,53,6,1),(371,13,519,173,70,1),(372,23,80,164,57,1),(373,27,4,182,33,1),(374,35,28,56,25,1),(375,1,91,150,98,1),(376,21,322,186,40,1),(377,8,454,25,35,1),(378,45,154,199,91,1),(379,38,439,279,96,1),(380,27,188,168,22,1),(381,5,15,285,16,1),(382,22,229,140,96,1),(383,43,351,241,70,1),(384,14,529,230,14,1),(385,21,313,46,12,1),(386,24,415,152,4,1),(387,47,186,244,77,1),(388,4,295,46,38,1),(389,47,289,162,11,1),(390,42,278,88,15,1),(391,6,405,255,57,1),(392,3,461,225,21,1),(393,4,534,87,36,1),(394,34,276,164,19,1),(395,4,541,86,93,1),(396,47,463,250,97,1),(397,44,437,61,67,1),(398,46,385,78,1,1),(399,36,590,192,56,1),(400,13,236,57,59,1),(401,4,228,9,16,1),(402,25,235,187,90,1),(403,48,338,190,44,1),(404,2,291,131,5,1),(405,20,474,239,98,1),(406,2,377,138,20,1),(407,22,425,169,7,1),(408,35,369,202,95,1),(409,41,216,34,70,1),(410,24,302,42,33,1),(411,13,564,269,2,1),(412,12,170,204,89,1),(413,46,546,237,91,1),(414,5,244,197,81,1),(415,6,247,212,66,1),(416,19,516,9,61,1),(417,21,17,117,64,1),(418,5,488,57,57,1),(419,32,175,210,69,1),(420,43,317,218,16,1),(421,33,240,95,5,1),(422,8,204,145,93,1),(423,19,317,218,98,1),(424,21,512,81,54,1),(425,49,568,72,78,1),(426,4,425,169,62,1),(427,33,193,235,2,1),(428,30,413,97,64,1),(429,44,269,287,52,1),(430,12,351,241,15,1),(431,43,45,10,15,1),(432,45,428,44,65,1),(433,40,285,111,54,1),(434,33,553,53,23,1),(435,19,75,280,77,1),(436,23,524,120,12,1),(437,43,227,21,44,1),(438,2,209,282,79,1),(439,38,590,192,13,1),(440,39,385,78,15,1),(441,32,248,214,12,1),(442,29,390,88,10,1),(443,41,236,57,91,1),(444,15,228,9,53,1),(445,9,360,180,68,1),(446,24,30,201,9,1),(447,36,2,16,29,1),(448,11,44,280,94,1),(449,6,148,113,62,1),(450,3,135,279,97,1),(451,44,73,72,17,1),(452,15,306,118,24,1),(453,19,85,255,10,1),(454,28,77,195,72,1),(455,12,441,237,63,1),(456,20,49,226,63,1),(457,7,525,169,31,1),(458,1,260,230,67,1),(459,37,372,265,37,1),(460,7,177,42,90,1),(461,26,481,21,40,1),(462,35,377,138,4,1),(463,32,291,131,41,1),(464,5,259,16,9,1),(465,38,339,97,27,1),(466,50,500,117,76,1),(467,13,521,29,61,1),(468,22,277,59,29,1),(469,30,328,87,56,1),(470,20,166,6,53,1),(471,35,424,158,36,1),(472,7,149,297,13,1),(473,15,436,229,91,1),(474,47,567,4,65,1),(475,21,521,29,85,1),(476,46,58,186,20,1),(477,45,159,127,73,1),(478,6,474,239,73,1),(479,36,197,114,14,1),(480,46,77,195,56,1),(481,37,246,156,95,1),(482,4,282,54,47,1),(483,11,490,159,35,1),(484,29,354,161,65,1),(485,34,302,42,12,1),(486,41,423,67,35,1),(487,18,20,202,95,1),(488,21,115,222,28,1),(489,2,470,74,96,1),(490,49,257,78,35,1),(491,20,252,292,37,1),(492,39,441,237,38,1),(493,45,494,92,41,1),(494,17,455,57,84,1),(495,11,333,227,76,1),(496,15,218,168,43,1),(497,28,258,229,60,1),(498,15,477,41,85,1),(499,49,448,233,48,1),(500,9,249,133,4,1);
/*!40000 ALTER TABLE `shopping_cart` ENABLE KEYS */;
UNLOCK TABLES;


--
-- Table structure for table `favorite_goods`
--

DROP TABLE IF EXISTS `favorite_goods`;
/*!40101 SET @saved_cs_client     = @@character_set_client */;
/*!40101 SET character_set_client = utf8 */;
CREATE TABLE `favorite_goods` (
  `id` bigint(20) NOT NULL AUTO_INCREMENT,
  `goods_id` int(11) NOT NULL,
  `user_id` int(11) NOT NULL,
  `is_valid` tinyint(1) NOT NULL DEFAULT '1',
  PRIMARY KEY (`id`),
  KEY `user_id` (`user_id`),
  KEY `FK_favorite_goods` (`goods_id`),
  CONSTRAINT `FK_favorite_goods_user` FOREIGN KEY (`user_id`) REFERENCES `user` (`user_id`) ON UPDATE CASCADE,
  CONSTRAINT `FK_favorite_goods` FOREIGN KEY (`goods_id`) REFERENCES `goods` (`goods_id`) ON UPDATE CASCADE
) ENGINE=InnoDB DEFAULT CHARSET=utf8mb4 COLLATE=utf8mb4_unicode_ci;
/*!40101 SET character_set_client = @saved_cs_client */;

--
-- Dumping data for table `favorite_goods`
--

LOCK TABLES `favorite_goods` WRITE;
/*!40000 ALTER TABLE `favorite_goods` DISABLE KEYS */;
/*!40000 ALTER TABLE `favorite_goods` ENABLE KEYS */;
UNLOCK TABLES;

--
-- Table structure for table `favorite_shops`
--

DROP TABLE IF EXISTS `favorite_shops`;
/*!40101 SET @saved_cs_client     = @@character_set_client */;
/*!40101 SET character_set_client = utf8 */;
CREATE TABLE `favorite_shops` (
  `id` bigint(20) NOT NULL AUTO_INCREMENT,
  `shop_id` int(11) NOT NULL,
  `user_id` int(11) NOT NULL,
  `is_valid` tinyint(1) NOT NULL DEFAULT '1',
  PRIMARY KEY (`id`),
  KEY `user_id` (`user_id`),
  KEY `FK_favorite_shops` (`shop_id`),
  CONSTRAINT `FK_favorite_shops_user` FOREIGN KEY (`user_id`) REFERENCES `user` (`user_id`) ON UPDATE CASCADE,
  CONSTRAINT `FK_favorite_shops` FOREIGN KEY (`shop_id`) REFERENCES `shop` (`shop_id`) ON UPDATE CASCADE
) ENGINE=InnoDB DEFAULT CHARSET=utf8mb4 COLLATE=utf8mb4_unicode_ci;
/*!40101 SET character_set_client = @saved_cs_client */;

--
-- Dumping data for table `favorite_shops`
--

LOCK TABLES `favorite_shops` WRITE;
/*!40000 ALTER TABLE `favorite_shops` DISABLE KEYS */;
/*!40000 ALTER TABLE `favorite_shops` ENABLE KEYS */;
UNLOCK TABLES;
--
-- Table structure for table `transaction`
--

DROP TABLE IF EXISTS `transaction`;
/*!40101 SET @saved_cs_client     = @@character_set_client */;
/*!40101 SET character_set_client = utf8 */;
CREATE TABLE `transaction` (
  `transaction_id` int(11) NOT NULL AUTO_INCREMENT,
  `user_id` int(11) NOT NULL,
  `admin_id` int(11) DEFAULT NULL,
  `transaction_type` varchar(16) COLLATE utf8mb4_unicode_ci NOT NULL,
  `transaction_status` varchar(10) COLLATE utf8mb4_unicode_ci NOT NULL,
  `comment` varchar(300) COLLATE utf8mb4_unicode_ci NOT NULL,
  `commit_time` datetime NOT NULL,
  `complete_time` datetime DEFAULT NULL,
  `annotation` varchar(300) COLLATE utf8mb4_unicode_ci DEFAULT NULL,
  `is_valid` tinyint(1) NOT NULL DEFAULT '1',
  PRIMARY KEY (`transaction_id`),
  KEY `FK_apply` (`user_id`),
  KEY `FK_handle` (`admin_id`),
  CONSTRAINT `FK_apply` FOREIGN KEY (`user_id`) REFERENCES `user` (`user_id`) ON UPDATE CASCADE,
  CONSTRAINT `FK_handle` FOREIGN KEY (`admin_id`) REFERENCES `admin` (`admin_id`) ON UPDATE CASCADE
) ENGINE=InnoDB DEFAULT CHARSET=utf8mb4 COLLATE=utf8mb4_unicode_ci;
/*!40101 SET character_set_client = @saved_cs_client */;

--
-- Dumping data for table `transaction`
--

LOCK TABLES `transaction` WRITE;
/*!40000 ALTER TABLE `transaction` DISABLE KEYS */;
/*!40000 ALTER TABLE `transaction` ENABLE KEYS */;
UNLOCK TABLES;
/*!50003 SET @saved_cs_client      = @@character_set_client */ ;
/*!50003 SET @saved_cs_results     = @@character_set_results */ ;
/*!50003 SET @saved_col_connection = @@collation_connection */ ;
/*!50003 SET character_set_client  = utf8 */ ;
/*!50003 SET character_set_results = utf8 */ ;
/*!50003 SET collation_connection  = utf8_general_ci */ ;
/*!50003 SET @saved_sql_mode       = @@sql_mode */ ;
/*!50003 SET sql_mode              = '' */ ;
DELIMITER ;;
/*!50003 CREATE*/ /*!50017 DEFINER=`root`@`localhost`*/ /*!50003 TRIGGER deal_transaction
AFTER UPDATE ON transaction
FOR EACH ROW
BEGIN
    declare user_shop_id int;
    set user_shop_id = (select shop_id from shop where user_id = new.user_id order by shop_id desc limit 1);
    if new.transaction_status = '已通过' and new.transaction_type = '开店申请' then
       update shop set apply_status = '已通过' where shop_id = user_shop_id ;
    end if;
    if new.transaction_status = '已拒绝' and new.transaction_type = '开店申请' then
       update shop set apply_status = '未通过' where shop_id = user_shop_id ;
    end if;
 END */;;
DELIMITER ;
/*!50003 SET sql_mode              = @saved_sql_mode */ ;
/*!50003 SET character_set_client  = @saved_cs_client */ ;
/*!50003 SET character_set_results = @saved_cs_results */ ;
/*!50003 SET collation_connection  = @saved_col_connection */ ;

/*!50003 SET @saved_cs_client      = @@character_set_client */ ;
/*!50003 SET @saved_cs_results     = @@character_set_results */ ;
/*!50003 SET @saved_col_connection = @@collation_connection */ ;
/*!50003 SET character_set_client  = utf8 */ ;
/*!50003 SET character_set_results = utf8 */ ;
/*!50003 SET collation_connection  = utf8_general_ci */ ;
/*!50003 SET @saved_sql_mode       = @@sql_mode */ ;
/*!50003 SET sql_mode              = '' */ ;
DELIMITER ;;
/*!50003 CREATE*/ /*!50017 DEFINER=`root`@`localhost`*/ /*!50003 TRIGGER delete_user
AFTER UPDATE ON user
FOR EACH ROW
BEGIN
    if new.is_valid = false then
       update goods_order set is_valid = false where user_id = new.user_id ;
       update favorite_shops set is_valid = false where user_id = new.user_id;
       update receiver set is_valid = false where user_id = new.user_id ;
       update transaction set is_valid = false where user_id = new.user_id ;
       update favorite_goods set is_valid = false where user_id = new.user_id;
       update shop set is_valid = false where user_id = new.user_id ;
       update shopping_cart set is_valid = false where user_id = new.user_id ;
    end if;
 END */;;
DELIMITER ;
/*!50003 SET sql_mode              = @saved_sql_mode */ ;
/*!50003 SET character_set_client  = @saved_cs_client */ ;
/*!50003 SET character_set_results = @saved_cs_results */ ;
/*!50003 SET collation_connection  = @saved_col_connection */ ;
/*!40103 SET TIME_ZONE=@OLD_TIME_ZONE */;

/*!40101 SET SQL_MODE=@OLD_SQL_MODE */;
/*!40014 SET FOREIGN_KEY_CHECKS=@OLD_FOREIGN_KEY_CHECKS */;
/*!40014 SET UNIQUE_CHECKS=@OLD_UNIQUE_CHECKS */;
/*!40101 SET CHARACTER_SET_CLIENT=@OLD_CHARACTER_SET_CLIENT */;
/*!40101 SET CHARACTER_SET_RESULTS=@OLD_CHARACTER_SET_RESULTS */;
/*!40101 SET COLLATION_CONNECTION=@OLD_COLLATION_CONNECTION */;
/*!40111 SET SQL_NOTES=@OLD_SQL_NOTES */;

-- Dump completed on 2016-12-08  9:15:07
